1,abari,o,news,
2,abo,ma,foam,
3,ade-ade,ho,"to narrate, conversation, story",
4,adono,ho,"come up to, reach, to arrive somewhere, pertaining to time, sufficient",
5,aerani,ma,"wonderful, strange",
6,aere,i na,ant trails,
7,aere,o,high *tide,nautical
8,aga,ho,"dumb, stupid",
9,agomo,ma,thick,
10,aha,part,future tense marker,
11,-ahi,vsf,durative-continuative aspectual suffix,
12,ahoko,ho,call,
13,ahuhu,o,"tree *stump, tree *stump",plant
14,ahumu,,whole,
15,ai-,npf,"third-person singular masculine possessive prefix, his",
16,aiki,ha,take away,
17,aili,o,centipede,insect
18,akaka,,tickling,
19,ake,ho,invite someone to dance cakalele by giving them the sawako,
20,ake-akeme,o,mosquito,insect
21,akeme,ma,flesh,body part
22,akere,o,water,earth
23,akiri,nanga,tongue,body part
24,akunu,,allowed,
25,alam,o,world,
26,ale-ale,o,ring,
27,alibiru,ho,"destroy, spoil, damage",
28,alimu,o,sage,
29,alipa,,carelessness,
30,alo,ma,cold,
31,alu,ma,breastbone,body part
32,alu,nanga,breast bone,body part
33,alua,o,sugarcake made from kanari nut and sugar syrup,
34,aluhu,,fine,
35,alyeme,,lick,
36,alyemi,,lick,
37,ama,,father,
38,ame,,"kiss, smell",
39,ami,PRO,"3fPOSS, her",
40,amo,,"each, every, any",
41,amoko,o,"large, big",
42,anca,o,bamboo *mat,
43,ani,PRO,"2POSS, your",
44,aniaya,,injustice,
45,ao,ha,"carry, carry in s t, cary along, bring along",
46,ao,ha,"take, carry",
47,ao,ho,"care for, nurse",
48,aoto,o,"loose *plank, passengers in a canoe",
49,apongi,ha,forgive,
50,apoto,ho,"do *quickly, bring s t about *quickly",
51,ara-ara,,spider,
52,arapoka,,Arab,
53,arara,,spider,
54,arehe,i,"to be *white, tomorrow",color
55,ari,ho,"cry, weep",
56,aruku,o,cave,
57,atera,,tease,
58,ato,,say,
59,atomo,,clothes *lice,
60,auenu,,blood,body part
61,aulyoto,o,k o *bamboo,plant
62,awana,o,"rain, to *rain",
63,awunu,o,blood,body part
64,ayo,ma,mother,kin
65,baaeri,,sail,
66,baatuku,o,k o *snare,hunting
67,babaka,,thrown,
68,babali,o,k o specially cooked *rice,food
69,babalyanga,,handle,
70,babanga,o,mangrove,plant
71,babao,,widower,
72,babaraha,,"peg, pin",
73,babarihi,,paint,
74,babau,,"child, foster *child",kin
75,babiti,,corrsion,
76,Baca,o,Bacan Islands,
77,bada,,makeup,
78,badaganga,,trade,
79,badangi,nanga,body,body part
80,bahaka,ma,end,
81,baharama,o,banyan *tree,
82,bahi,,"danger, trouble",
83,bahuku,o,"axe, chop (with an axe)",
84,baikoleke,o,"seagull, wagtail *bird",animal
85,baiti,o,"hole, grave, burrow",
86,baja,,persuade,
87,bajooka,,Baju,
88,baju,o,"jacket, shirt",
89,bajuli,,card game,
90,baka,,throw,
91,bakaha,o,salt *fish,food
92,bakanuku,o,jellyfish,animal
93,bakau,,"wages, salary",
94,bake,,corpse,
95,bakoro,o,"cliff, slope",
96,baku-baku,,pitch,
97,bakulu,,"coroded, decayed",
98,balacu,,uncolored *cotton,
99,balahadada,,long *dress,
100,balahi,,revenge,
101,balajang,,"fee, payment",
102,bale,,"bed, bedstead",
103,bali,,turn,
104,baliha,,sad,
105,balitako,o,k o *tree (grows along beach),plant
106,baliteta,,fluent,
107,balitorongo,,mouth-organ,
108,baluhu,ho,"answer, revenge",
109,balyaana,,flat,
110,balyanga,,"feel, handle",
111,banakono,,loot,
112,banga,,buried,
113,bangeheli,,flute,
114,bangi-bangi,o,"fence, to *dam",
115,bangisa,o,race,
116,bangu,ho ma,pay,
117,bao,ma,widower,
118,bara,,overhang,
119,baradoha,,"sin, condemned",
120,baraguna,,useful,
121,barakati,,blessing,
122,barang,o,"goods, property",
123,barani,ho,courageous,
124,bare,o,famine,
125,barehala,,idol,
126,barene,ho,"climb, rise",
127,barihi,,work with guests,
128,barihi,,repelled,
129,barihi,ho,"sow, scatter, spread",
130,barija,,wise,
131,barikua,,certainly,
132,baro,,tree hibiscus,plant
133,baru,o,boat *caulk,nautical
134,baruang,,beer,food
135,barukua,,even,
136,basitang,o,mangosteen,food
137,bata,ho,jump up,
138,bata-bata,i,"moldy, mold",
139,bataru,ho ma,"bet, wager",
140,batingi,ma,border,
141,bato-batoko,o,small star shaped *shells,animal
142,batoko,o,k o *root (used to stun fish),plant
143,batoko,o,"foot *wound, foot *barbs",
144,batungu,,"help, support",
145,batya,,read,
146,bau,ha,"borrow, loan",
147,bauhu,o,ocean *current,
148,baulatyo,,hunger,
149,bauru,,in,
150,bawa,o,"onion, garlic",
151,bayale,,awake,
152,bayeleki,,waterproof *hardwood,plant
153,bayongo,,small *bag,
154,be,,where,
155,bea,,import *duties,
156,beba,,coral,
157,bebanga,,close,
158,bebanga,o,large black *ant,animal
159,bebe,i,loose,
160,bebehongo,,deliver,
161,bebele,,track,
162,bebeloho,ma,stake,
163,bebeno,,wall,
164,bebeoto,,k o *shell,
165,bedeng,,seedbed,
166,beebepa,,packing,
167,beha-behaka,ma,wet,
168,behi,o,iron,
169,bela,,pancreas,body part
170,bela-belaka,,split fine,
171,belaka,ha,split,
172,belehoko,,"trouble, sadness",
173,belelaka,,leanness,
174,belenga,,open,
175,beleoko,,crooked,
176,beleta,,pound *sago,
177,beloho,,stake,
178,benarata,,shout,
179,beneto,,"narrow, straight",
180,benga,,wrist,
181,benga,,"knock, tap",
182,bengoto,,nasal,
183,beno,,"close, stop",
184,beoto,,tap palm wine,
185,bepa,,pack,
186,Berani,,tribal *spirit,
187,bereanga,,spread wide,
188,bere-bere,,sickness,
189,berehi,,cleanse,
190,bereki,,old man,
191,berera,o,"village, town, Tobelo",
192,besi,,iron,
193,beta-beta,,small *package,
194,betongo,,text,
195,beubabu,,"reason, therefore",
196,beuekeuno,,upper *arm,
197,beureti,,"stop, rest",
198,beutikanga,,concave up,
199,biagaro,,oyster shell,
200,biaha,o,"custom, to be *accustomed",
201,bianga,o,February (time when the Pleiades is at its zenith),time
202,bianga,o,k o small *shellfish,animal
203,biara,ho ma,"raise, bring up",
204,biawa,o,k o *plant,plant
205,bibikiri,,mop,
206,bibikiri,o,sieve,
207,bibilata,o,wart,
208,bidilon,o,k o *crab,animal
209,bido-bidoho,o,k o small *fish,fish
210,bidoho,o,betel,food
211,biha,o,"venom, poison",
212,bihi,o,"indigo, blue",plant
213,biji,o,weeds,
214,biki,o,leaf used for sails,
215,biki-hago,,earwig,
216,bikini,,tree,
217,bikini,,tail,
218,bilahu,,"smooth, shine",
219,bilamo,,phosphorescent *centipede,
220,bilangu,,contribution to a feast,
221,bilaono,o,"great cost, supplies",
222,bilatu,,wood clamp,
223,bileure,,sago leaf *decoration,
224,bilihu,,slice,
225,bima:wa,o,evening,time
226,binaha,,"wreck, ruin, spoil",
227,bingu,,confused,
228,biono,,"face, appearance",body part
229,biono,,front,
230,biono,nanga,"face, front",body part
231,bira,o,rice,food
232,birahi,,"glad, happy",
233,biranga,,sister,
234,birini,,frequqent,
235,biru,ma,green,
236,bitoanga,o,banana,food
237,bitoko,,stamp,
238,bitu-bitumu,,fasten rigid,
239,bitumu,,weed with strong roots,
240,bitumu,,"fast, firm, solid",
241,bityarya,,discussion,
242,biu,,"poultice, plaster",
243,biuhu,,mischief,
244,biuni,nanga,face,body part
245,biunu,,"before, front",
246,boa,,"arrive, come",
247,boauka,,call to,
248,bobaakouro,,slippery,
249,bobai,,"lover, suitor",
250,bobaiti,,"grave, groove",
251,bobaja,,temptation,
252,bobaku,,"illness, epidemic",
253,bobali,,coconut leaf *sack,
254,bobane,,pier,
255,bobangu,,"payment, penance",
256,bobara,,k o large tasty *fish,
257,bobareuha,,peg,
258,bobareune,,pier,
259,bobareune,,"canoe, vessel",
260,bobaso,o,k o traditional *song,
261,bobatingi,,limit,
262,bobato,,chief,
263,bobeleuru,,"oar, paddle",nautical
264,bobeoto,,palm wine,
265,bobero,,"growing, raising",
266,bobeto,,taunt,
267,bobeuleoko,,curve,
268,bobeuleta,,sago pounding,
269,bobeulianga,,taxes,
270,bobeurehe,,cover,
271,bobeureki,,old ones,
272,bobeureki,,spirit rice,
273,bobilango,,porcelain *plates,
274,bobilatu,,catch,
275,bobili,,shell *bracelet,
276,bobita,,"command, prohibition",
277,bobo,,heel,
278,boboko,,bamboo *lath,
279,bobolata,,bamboo filled with sago,
280,boboleha,,shell,
281,bobolen,,sandy,
282,bobolulunu,,round,
283,bobooca,,skin *ulcer,
284,boboro,,"palm, lontarpalm",
285,bobotara,,head sore,
286,boboto,,finish,
287,bobugo,,property stakes,
288,boburuha,,shawl,
289,bobutanga,,any *six,
290,bobuturungu,,strong,
291,bobututu,,pin,
292,boci,,groundnuts,
293,bodiga,,"disaster, misfortune",
294,bodiku,,"tie, binding",
295,bodito,,"misfortune, calamity",
296,bodo,,stupid,
297,boga-boga,,illness of *legs,
298,bohara,,refuse a request,
299,boheume,,k o edible *plant,
300,bohoko,o,pot,
301,bohono,,forbidden,
302,bohouko,,large ceramic *pot,
303,bohouro,,discontented,
304,boka,ho ma,"wash (one's) clothes, wash clothes (for s o)",
305,boki,,princess,
306,boki,,cat,
307,boki-kokito,o,bird,animal
308,boko-boko,,sago baked in bamboo,
309,bokoto,,fist,
310,boku,,"hole, hollow",
311,bokumu,,pandanus *mat material,
312,bola,,ball,
313,bole,o,"sandbar, shoal",nautical
314,bole,o,"banana, tired, exhausted, weak",food
315,bole-bole,ha,do *slowly,
316,bolitorongo,,trumpet,
317,boloi,i,more,
318,boloworeuki,,plant,
319,bolutu,,sleep,
320,bongo-bongo,,cane,
321,bongono,,wooden *hammer,
322,bongouno,,blunt,
323,bootu,,canoe *plank,
324,bootuke,,"tear, crack in rock",
325,bopoura,,bangs,
326,boraka,,lucky,
327,borengo,,rope,
328,bori,,climbing *plant,
329,bori,,both,
330,boriri,,"*parrot, lorry",
331,boro,,fine repair of nets,
332,boro,,flower bud,
333,boroho,,"ulcer, boil",
334,boroho,,"slice, cut",
335,borohono,,fear,
336,borokata,ma,vow not to eat a certain food (usually the favorite food of a relative who has died,
337,boronga,,superficial *tear,
338,borotoka,o,plum,food
339,borowotiti,ho,hide in sarong fold,
340,boru,o,drill,
341,borua,o,"box, case",
342,bota,ma,"clothing, wrapper",
343,bote,part,"sure, certainly",
344,boteani,adv,presently,
345,boteme,o,k o *grain,food
346,botino,part,"then, further, next",
347,boto,i,"past, done, completed, finished",
348,boto-boto,o,k o *grasshopper,animal
349,botue,ma,net to land fish,fishing
350,bou-lamo,o,civet cat,animal
351,bounu,ma,"smell, scent, stench",
352,buapong,o,k o *millet,food
353,bubu,ha,to turn wood (by hand but as if on a lathe),
354,bubu,o,k o *fish,fish
355,bubukunu,o,purchase price,
356,bubuutu,,"spike, bar",
357,budi,ho,"mislead, decieve, deception",
358,budi,o,"art, wisdom",
359,bugo,,"swelling, festering",
360,bugo,,mark of ownership,
361,buhanga,,"span, linear measure",
362,buhengi,,"lazy, idle",
363,buho,,pandanus *tree,
364,buho-buho,,lying in heaps,
365,buhuhu,,give birth,
366,buhuku,,"inlay, take away, align",
367,buku,,partially full,
368,buku,,knee,
369,bukuku,,kneel,
370,bukunu,ho ma,sell,
371,bula,,multiple,
372,bulana,,fish,
373,buli-buliruku,,"wobbly, displeasing",
374,bulu,,belt,
375,bululawa,,clove,
376,bululu,,short,
377,bululu,,round,
378,buluteute,,stripe,
379,bunga,,interest money,
380,buoto,,"bite, mouthfull",
381,bureure,,"fat, obese, thick",
382,buruhu,,"wet, soaking *wet",
383,buruutu,,peel skin,
384,buta,,strand of aren fiber,
385,butanga,,six,
386,buteteke,,white *ant,
387,butu,,market,
388,buturungu,,strong,
389,butuueuhe,,"brackish, salty",
390,butuutu,,pin up,
391,buure!,,shout,
392,buwe-buw,,"cradle, swing",
393,caana,,thousand,
394,cacaki,,chalk pot,
395,cade,,joke,
396,cafala,,do *quickly,
397,cafaruni,,"filth, disorder, impurity, immoral",
398,cahaya,,beauty *potion,
399,cakaiba,,mask,
400,cako,,"k o *fishing technique, strike, twist, evil",
401,canga-canga,,"priacy, murder, plunder",
402,capaka,,k o *plumeria,
403,capati,,clever,
404,capeo,,hat,
405,capu,,stamp,
406,cara,,"way, manner",
407,caragapi,,shroud,
408,carita,,"tell, announce",
409,carokia,,how,
410,cati,,paint,
411,cawali,,only,
412,cawaro,,clever,
413,cege-cege,,do fast in *unison,
414,celaka,,"misfortune, catastrophe",
415,cere,,"divide, divorce, tea *kettle",
416,cereni,,mister,
417,cicimi,,"rattan, small *twig",
418,cigiafa,,trigger,
419,cikahoua,,weak,
420,cinga-cinga,,k o *plant,
421,cingari,,"scanty, poor",
422,cirako,,strike,
423,ciu-ciu,o,k o *bird,animal
424,ciung,,k o *owl,
425,co,,hold tight,
426,cobo,,depart,
427,cobo-cobo,,"continual, constant",
428,cocatu,,gift,
429,cocawaro,,wise,
430,cocoo,,handle,
431,cocore,,"chatter, drivel",
432,cocoro,,funnel,
433,colo,,dye,
434,comoko,,closed,
435,coporoki,,"twisted, deformed",
436,copu,,"spray, squirt",
437,cuali,,slower,
438,cuci-kode,,hairpins,
439,cucukunu,,tickle,
440,cucupu,,small porcelain *vase,
441,cuga-cuga,,lame,
442,cugulu,,speak in *riddles,
443,cuka,,vinegar,
444,cuka-cuka,,sour,
445,cuki,,sleep,
446,cuku-cuku,,"tickle, itch",
447,cumu-cumu,,riddle,
448,dabo-dabo,,fish dish,
449,daboho,,grained,
450,dada,,rice cake,
451,dadaboa,,k o small *fish,
452,dadahongo,,spear,
453,dadaka,,liana,
454,dadaka,,banana,
455,dadakuru,,catcher,
456,dadalyoko,,fan,
457,dadami,,fire grill,
458,dadamonu,,cover,
459,dadana,,feast food,
460,dadapa,,patched,
461,dadarono,,"swelling, festering",
462,dadatoko,o,"cover, shield",
463,dadayoko,,fan,
464,dadi,,"become, succeed",
465,dadu,i,lay against,
466,dae,,weapon,
467,daena,DEM,"directional demonstrative, that downward",dir
468,daeune,,"meet, conclude",
469,dafa,,slave captured in war,
470,dafi-dafi,,triangular bamboo *sieve,
471,dafongo,,catch,
472,dagali,,substitute,
473,dagamono,,catch,
474,daganga,,merchant stranger,
475,dagapi,,explanation,
476,dagarihi,,cry intensely,
477,dagi,,run able to,
478,dagi-dagi,,run,
479,dago-dago,,run to meet,
480,dahabaka,,hit by accident,
481,dahango,,"spread, grow",
482,dahao,part,before,
483,dahe,,crawl,
484,dahi,,"extend hand, handshake",
485,daho,,name of mans sisters child,
486,dahongo,,catch,
487,dahu,,name of wife's husbands sister,
488,dahuku,,calendar of rope knots,
489,dai,loc,"directional adverb, on the sea",
490,daioka,dir,"on the *sea, seaward",
491,daiuha,dir,landward,
492,dai-dai,ho,carry on the back,
493,dailako,ho ma,look at,
494,dailangi,,morning twilight,time
495,daji,o,"bamboo money container, bamboo fishing float",tool
496,daka,o,honey,food
497,dake,,seperate fighters,
498,dake,,"above, up here",
499,dakena,DEM,"directional demonstrative, that upward",dir
500,dakolo,,bargain,
501,daku,loc,above,
502,dakuru,,catch a liquid,
503,dalima,o,pomegranate tree,plant
504,daluku,o,palm wine,food
505,dama,ha,wait for,
506,damela,,stink,
507,damonu,,cover,
508,damouro,,watch,
509,damouro,,"approach, come close",
510,damunu,o,drum,
511,dana,,"gentle, tame",
512,danana,,helpfulness,
513,danawaka,,bad,
514,danena,DEM,"directional demonstrative, that seaward",
515,dangade,,quick action,
516,danganga,o,rice destroying insect,insect
517,dangi,ho,sit,
518,dangutu,,hatred,
519,danongo,nanga,grandchild,kin
520,dapa,,tell,
521,dapalyu,,depressed,
522,daparaha,,pin on,
523,dapariono,,lap,
524,daramouho,,squeeze,
525,dararono,,glimmer,
526,dari,,name of womans brothers children,
527,daro-daromo,ma,very *black,color
528,daromo,ma,black,color
529,darunu,,seperate,
530,darunu,,property stake,
531,datauru,,pull closed,
532,dateuke,,beside,
533,datomo,ha,to *plant,
534,datoro,o,conflict,
535,dau,loc,below,
536,dawaga,,close,
537,dawara,,order in housekeeping,
538,de,part,"and, with, then",
539,debini,o,coconut oil,
540,debini,,pure,
541,deda,o,k o fish,fish
542,dede,,with,
543,dedeta,o,"sieve, to *sift with a sieve",
544,dedetoro,o,"mouse, rat",animal
545,dedouro,o,k o *tree,plant
546,dego,,set,
547,deheuro,,"twine, climb",
548,dekano,,long duration,time
549,dekaura,,"top, point",
550,demo,ho ma,"speak, language, word",
551,demo-demo,o,headhunters,
552,demoko,o,mushrooms,plant
553,dengi,o,fine *rattan,plant
554,dengo,,"joint, articulation",
555,deo,,squeeze,
556,deri,o,large pandanus *sack,
557,derihi,o,palm leaf *cup,household
558,dero,,time of,
559,dero,,rightly,
560,deta,,pour,
561,detouro,,in,
562,detu,ho,make *fire,
563,deubeho,,"narrow, tight",
564,deubeturu,i na,"lazy, laziness",
565,deudela,,bowstring,
566,deudeli,,tendon,
567,deukekeure,,"grate, groin",
568,deuremi,,second year rice *field,
569,deurero,,dry,
570,dewili,,"fiber, thread",
571,dia,o,"knife, cleaver",
572,diagi,,bamboo pot,
573,diai,ho,make,
574,diangi,,"live, stay, sojourn",
575,diauo,,"mate, fellow, companion",
576,diba,o,palm,plant
577,dibitumu,,press,
578,dibo-diboko,,swim,
579,diburu,,sprout,
580,dide,,"hang, carry",
581,didide,,cradle,
582,didipo,,stick used to pick fruit,
583,didomo,,heal,
584,didumu,,"cover, deny",
585,difu,ho,to round Cape Djere,nautical
586,digi-digi,,close by,
587,digiranga,,longitudinal,
588,dihanga,,"firmament, heaven",
589,dihidete,,sail,nautical
590,dihihiri,,drone,
591,dihini,,dozen *chickens,
592,dihira,,front piece,
593,dihiwara,,shine upon,
594,dihongo,,"happiness, prosperity, profit",
595,dika,part,just,
596,diki,,support,
597,diki-diki,,walking *stick,
598,dikiti,,cough,
599,dilago,,fruit,
600,dilibu,,fruit,
601,dilibu,,"fruit, fetus",
602,diliki,,male *genetalia,
603,dilikini,,spirits of the dead,
604,dilikitu,,divorced wife,
605,dimoaka,,remainder,
606,dimo-dimono,o,the *oldest,
607,dina,loc,on the land,
608,dinena,DEM,that landward,
609,dineunguku,,seawards,
610,dingi,,tight,
611,dingi-dingi,,song game,
612,dino,,loom,
613,dino,ma,burned,
614,dino,,loom,
615,diodaka,,crawl under,
616,dioha,,house,
617,diopo,,brothers *wife,
618,diopo,,wives of brothers,
619,dipidili,,release,
620,dipo,,knock o ff fruit,
621,dipongo,,banana,
622,dipopa,,steep ending,
623,ditifa,,fall on,
624,ditoko,,set aside,
625,ditoko,,deviate,
626,doa,ho ma,"climb, ascend",
627,doaaura,,surprise,
628,doabutu,,purchase price,
629,doa-doana,,call names,
630,doaka,ma,ransom,
631,doana,,call names,
632,dobalyaana,,flat depressed,
633,dobi-dobiki,ma,a *little bit,
634,dobiki,ho,break o ff,
635,dobongo,ho ma,wade,
636,doda,,anchor,
637,dodadi,,"creature, origin",
638,dodaga,,canoe *plank,
639,dodagi,ma,"journey, passage",
640,dodai,,"plates, dishes",
641,dodakouro,,knocker,
642,dodama,,prolonged *wait,
643,dodanu,,colateral,
644,dodara,,"love, affection",
645,dodato,,fear,
646,dode,,shrimp,
647,dodego,,"press, sugar press",
648,dodemo,,spoken,
649,dodengi,,file,
650,dodeuke,,fish,
651,dodeureboko,,red,
652,dodiai,,"right, good",
653,dodiawo,nanga,friend,
654,dodiba,nanga,head *hair,body part
655,dodigiranga,,long wide *mat,
656,dodigiranga,,long thin *object,
657,dodiha,,snake,
658,dodilakeuru,,vessel,
659,dodilibu,,sayur liling,
660,dodilibu,,vegetable,
661,dodinguku,,reward,
662,dodipoko,,short,
663,dodo,o,sweet rice cakes,food
664,dodoa,i na,"matter, happen",
665,dodoaha,Q,why,
666,dodoana,,call names,
667,dododoto,o,youngest *child,kin
668,dodogumu,ma,rest,
669,dodoku,o,bridge,
670,dodoma,o,k o *shark,animal
671,dodomi,,placenta,body part
672,dodomo,,"point, peak",
673,dodomo,,"point, pinacle",
674,dodongu,,mark,
675,dodoole,,roasted *sago balls,
676,dodopoko,,spear,
677,dodoporono,,pile,
678,dodoporono,,pile,
679,dodora,,"weep for, lament",
680,dodoto,nanga,younger same-sex *sibling,kin
681,dodotoko,,instruction,
682,dodouno,,"clear, transparent",
683,dodowi,,forearm,
684,dodowiti,,carrying *stick,
685,dodubena,,soft,
686,dodubuho,,weight,
687,dodubuho,,burdening,
688,doduga,,dry *measure,
689,dodukuru,,crossbeam,
690,dodulali,,stay in one spot,
691,dodulihi,,pencil,
692,dodumu,,bath water,
693,dodumule,,pull out weeds,
694,dodupukuru,,wide *mat,
695,dodutuku,,"anvil, stamper",
696,dofai,,lime,
697,dofo,,"feed, foster",
698,dogilianga,,"unfurl, unroll",
699,dogo,,"throw in, fill up",
700,dogohanga,,insanity,
701,dogowini,,hard,
702,dogu,,hold up,
703,dogumu,,hold up,
704,doha-dohangau,,desire,
705,dohai,,lime,
706,dohangau,,fasten,
707,doharabaka,,splash,
708,dohata,,angry,
709,doheuwelanga,,whirl in,
710,dohi,,pick,
711,dohiki,,steal,
712,dohoho,,fly,
713,dohotana,,release,
714,dohu-dohuku,,stammer,
715,dohuku,,"go, backwards",
716,dohutu,,darkness,
717,doi,,banana,
718,doi-doimi,,archery,
719,doimi,ho ma,shoot (with bow),hunting
720,doio,o,crayfish,animal
721,dojo,,pass by,
722,doka,,stoke fire,
723,doka,loc,there,
724,doka-dokara,ma,red,color
725,dokeute,,forehead,
726,dokeute,,crack,
727,doko,ha,"step on, step in",tool
728,dokoto,o,wild coconut *palm,plant
729,dola-bololo,,incantation,
730,dolya,,contents,
731,dolyomo,,point,
732,doma,,"dead, homicide",
733,domi,,coconut *spike,
734,domigu,,week,
735,domoata,o,"haze, mist",
736,domoro,,first *fruit,
737,domoteke,ha,agree,
738,domoteuke,,splint,
739,domuraga,,"premature, eager, hurried, rash",
740,done,part,then,
741,donga-donga,,joints,
742,dongono,,month,
743,doohi,o,k o *fish,fish
744,doolenge,ma,"dry, not *fresh",
745,doouku,,"faded, withered",
746,dopa-dopa,,singing game,
747,dopo-dopo,,portion of *sago,
748,dopo-dopo,,dagger,
749,dopoko,,stitch,
750,dopotoka,,struck using spring action,
751,dora,ha,"have compassion, have pity",
752,dorari,,"attend *feasts, privates",
753,dori,,sprout,
754,doriha,,put against,
755,doriki,,basketwork,
756,doro,,"strait, passage",
757,doroa,,son in law,kin
758,dorou,,"bad, ugly",
759,dorure,,threshold,
760,doruru,,porch,
761,dotaka,,bring,
762,dotaka,,bring,
763,dotama,,drumsticks,
764,dotama,,drumsticks,
765,dotara,,come out,
766,doteri,,doctor,
767,doteuke,,tap,
768,doteuri,,doctor,
769,doti,,bewitch,
770,doti,,bewitch,
771,dotiliara,,cut away,
772,doto,ma,"sharp, cape, point",nautical
773,doto-doto,,sharp,
774,dotogoreuhe,,intense *crying,
775,dotoko,ho ma,"learn, teach",
776,dotoreke,o,gecko,animal
777,dotoreke,o,thunder,
778,dotowara,,hardened,
779,dotumo,,throw,
780,dotumu,,fourth generation *grandparents,kin
781,dowiti,,carry with sticks,
782,dowongi,o,"beach, sand",nautical
783,dowora,o,ironwood,plant
784,dua-dua,,bellows,
785,dubaba,,pour,
786,dubara,,adversity,
787,dubo,,put up high,
788,dubuho,,heavy,
789,dudu,ma,"cigarette, to *smoke (tobacco)",
790,dudubo,,put s t up high,
791,duduga,,measure,
792,duduheure,,final decision,
793,duduku,,"resentment, unpleasantness, apathy",
794,dudumunu,,west,
795,dudumutu,ma,index *finger,body part
796,dudungono,,dainty,
797,dudungu,,lumbar pain,
798,dudungu,,dry,
799,dudungutu,,direction,
800,dudungutu,,direction,
801,dudunu,,June,
802,duduono,,crowd of people,
803,dudutu,,grayhaired,
804,dudutu,,"drop, drip",
805,dudutu,,pick lice from hair,
806,duduuru,,lazy,
807,dudyu,,fill,
808,duga,,size,
809,duga,,measure,
810,duga-duga,,"only, except",
811,duhu,,chase away,
812,duhuhu,,baby,
813,duhuhuru,,"hunt, flush",
814,duhuku,ho,shoot,
815,duhunu,,"help, assist",
816,duka-duka,,sitting melancholy,
817,dukama,,"melancholy, sad",
818,dukono,,volcano,
819,duku,,stand with arms down,
820,duku,,press,
821,dukunu,,coconut,
822,dukuru,,coconut,
823,dukuru,,lay across,
824,dukuru,,"assist, answer for",
825,dulada,,image,
826,dulaka,,prostitution,
827,dulaka,,"lewd, prostitute",
828,dulali,,unfair *taunting,
829,dulihi,,color,
830,dulu,,arrive,
831,dululu,,roll against,
832,dulumutu,,waste,
833,duma,,push,
834,duma-duma,,push on,
835,dumamata,,evening land *breeze,
836,dumeda,,"competent, quick",
837,dumu,,plant rice,
838,dumu-bole,,soft *food,
839,dumule,o,garden,
840,dumunitara,,"dew, rain",
841,dumunu,,west,
842,dumunu,,dive,
843,dumutu,,"index, *finger",
844,dumutu,,forefinger,
845,dunata,,"greed, gluttony",
846,dungiri,ma,"scale (of fish), k o freshwater *fish, k o plant, to *scale (fish)",body part
847,dungouno,ho,"prefer, refuse s t",
848,dungu-dungutu,,run to meet,
849,dungutu,nanga,intention,
850,dunia,ho,talk of marriage arrangements,
851,dunia,o,world,
852,duono,,crowd of people,
853,dupuda,,breakout in a rash,
854,dupuri,,*infertile ground,
855,durahi,,steepness,
856,durahi,ma,bluff,
857,dure,part,very,
858,duru,ADV,very,
859,duru,ma,"after, behind",
860,dururu,ma,replacement,
861,dutu,ma,property owner,
862,dutu-dutuku,,drive on,
863,dutungutu,,awl,
864,duuuku,,"shape, form",
865,duuuku,,mourn,
866,duuuru,,miserly,
867,ebe,o,"file, rasp, fish *fin",
868,edeukati,,"sense, inclination, plan",
869,ee,,grandmother,
870,ehato,,"push, press on",
871,ehe,ho,"rub, scour, rub off s t",
872,eh!,,well,
873,eka,,betel,
874,eke,,fine *mats,
875,ekere,ha,winnow rice,
876,eki,,tobacco plug,
877,eko,part,or,
878,ekoro,,tortise shell *comb,
879,ele,,"let *loose, slip",
880,ele,nanga,grandmother,kin
881,elu-eluku,,lie continuously,
882,eluku,,lie,
883,elye,,grandmother,
884,emouno,,"dirty, revolting",
885,enangohi,ma,still more,
886,enga-engayo,,not fresh,
887,engini,o,enemy,
888,eni,,"this, these",
889,eri,,brother in law,
890,ete,nanga,grandfather,kin
891,eteki,ma,"small (of things), small (of people)",
892,etongo,ho,"count, calculate",
893,faaumu,,female *servant,
894,fafara,,shiver,
895,fafaru,,streams,
896,fafati,,"reason, excuse",
897,fafo,,"stack, pile",
898,faida,,"profit, happiness, advantage",
899,faiti,,dig up,
900,faja,,"greasy, dirty, messy",
901,faka,,peel,
902,fakati,,"agreement, consideration",
903,fakiri,,fictional *woman,
904,fala,,house,
905,falola,,answer,
906,fangi,,"turn, avert, stop",
907,fangu,,"pay, compensate, satisfy",
908,fangunu,,"pay, compensate",
909,farade,,put in mouth,
910,fara-fara,,"all, one by one",
911,fara-fara,,"classify, divide",
912,fareune,,step in,
913,fasali,,"chapter, division, portion",
914,fatu-fatu,,hoe,
915,fau,,widow,
916,fauru,,handle,
917,fekata,,spouse,
918,fenes,o,bugis sailing *canoe,
919,feno,,"help, assist",
920,feoleouru,,turn over,
921,feoto,,tap palm wine,
922,fero,,"grow fast, shoot up",
923,feulenga,,open,
924,feuleta,,sago rattle,
925,feune,,tortise,
926,fideuro,,friction,
927,fidili,,let *loose,
928,fififi,,suck,
929,filidouro,o,small *bird,animal
930,fini,,seed,
931,firanga,,sister,
932,firikiti,,distort,
933,firu-firu,o,night *bird,animal
934,fisa,,loincloth,
935,fita,,"tie, ribbon",
936,fitako,,tree,
937,fitana,,"badness, iniquity, untruthfulness",
938,fofan,,soap *tree,
939,fofo,o,bird,animal
940,fofongo,,shade,
941,foka,,wash out,
942,fokoto,,fist,
943,fokumu,,pour out,
944,foloi,,more,
945,folori,,"prescious *stone, costly *wood",
946,fongana,,woods,
947,fufu,,blow,
948,fufuta,,tangled,
949,fukunu,,sell,
950,fuluiti,o,flute,
951,fuma,,"stupid, foolish",
952,fuo,,heart,
953,furu,,gland,
954,futa,,tangled,
955,futu,,night,
956,futurungu,,strength,
957,gaacomo,,coarse,
958,gaafufu,ma,bird *armpit,body part
959,gaagoumo,,"lump, clod",
960,gaahu,,vegetable,
961,gaauta,,ankle *bands,
962,gaawiti,o,k o *spear (with a barbed point),hunting
963,gabi,o,jasmine,plant
964,gadaku,,on top of,
965,gadina,,there landwards,
966,gadingi,,"wooden knee, strut",
967,gagahu,,"yield, harvest",
968,gagakauna,,make fun of,
969,gagaku,,torch,
970,gagali,,wash off blood *ceremony,
971,gagao,,"care, nurse",
972,gagara,,rib,
973,gagau,,"tool, work, labor",
974,gagawang,,"bewildered, desperate",
975,gagawi,,swallow,
976,gahata,,bamboo sheath,
977,gahauku,,"sweat, perspiration",
978,gahe,,time,
979,gahea,,bamboo frame to smoke herring,
980,gahi,o,"sea, seawater",nautical
981,gahoko,,"ask, request",
982,gahuhu,ma,wing,body part
983,gahumu,,"solid, not *damaged",
984,gaibiti,o,hummingbird,birds
985,gai-hahaluta,,"jump on one leg, hopscotch",
986,gaili,,maggots,
987,gakaka,,palate of mouth,body part
988,gakana,o,knife,
989,gakunu,,"rich, influential, distinguished",
990,gala-gala,,"putty, grease",
991,galala,,noise,
992,galaufea,,bamboo frame to smoke herring,
993,gale,,"coil, ring",
994,galeri,,look askance,
995,gali,,repeat,
996,galiaha,,spice plant,
997,galigouno,,festering *wound,
998,galipi,,"right, common *law",
999,galu,,"follower, diciple, imitator",
1000,galuga,,k o *plant with red beans,
1001,galula,,a skin *disease,
1002,galyoko,,"bark skirt, sarong",
1003,galyoko,,large *tree,
1004,gamamu,,"gloomy, cloudy",
1005,gane,,fine rice,
1006,gani,,"intoxicated, sick",
1007,gani,o,lice,animal
1008,gani-gani,,intoxicating,
1009,ganu,,mix,
1010,gaoto,,bitten off piece,
1011,garade,,"cut out, carved",
1012,gara-gara,,"whim, caprice",
1013,garago,,"rejoice, joyful",
1014,garaha,,rustling,
1015,garanga,,"rattling, ringing",
1016,garara,nanga,finger,body part
1017,gararama,,plant *louse,
1018,garau,,nibble,
1019,garaugaji,,saw,
1020,gare,,barb,
1021,gare-garehe,ma,white,color
1022,gareufo,,fork,
1023,gareugaliti,,bottle,
1024,gareu-gareuhe,,white,
1025,gari,,"cry, weep",
1026,gari-garihi,,matches,
1027,garo,,"goad, incite",
1028,gate,,liver,
1029,gate-gate,,marbles,
1030,gau,,cigarette paper,
1031,gaueuno,,buttocks,
1032,gau-gau,,"work, trade",
1033,gauku,,vegetable,
1034,gawa,i,"troubled, cloudy, turbid",
1035,gawaha,,durable wood,
1036,gawaya,,wild fruit tree,
1037,gawewe,,fifth generation *ancestor,
1038,gawi,,"wave, becon",
1039,gege,,"sliver, small *piece",
1040,gegegele,o,small *bird of prey,animal
1041,gegouto,,"worry, nag, annoy",
1042,geha-kira-kira,,ignore,
1043,gehanga,,"yawn, gape",
1044,gehe,,"sand, rub off",
1045,gehuku,,liana,
1046,gehulahi,,glass,
1047,gele-gele,,"quarrel, tease, badger",
1048,gelewoutu,,wipe butt,
1049,gena,,"those, that",
1050,gena,DEM,"that, there",
1051,genanga,,"those, that",
1052,gendi,,ceramic *bottle,
1053,gengika,,there,
1054,gengilye,,there above,
1055,gengino,,from there to here,
1056,genginohi,,from then on,
1057,gengoka,,there,
1058,genguku,,there below,
1059,geri,,brother in law,kin
1060,geri-doroua,,mans inlaws,kin
1061,gerongu,,"club, wooden cleaver",
1062,geto-getongo,,"all, one by one",
1063,getongo,ma,every,
1064,geugegouto,,worry,
1065,geugewe,,chew,
1066,geuhihi,,seed,
1067,geuletiti,,smallest *finger,body part
1068,geurehi,,yaws,
1069,geurenge,,rattle,
1070,geurewoto,,scattered,
1071,geutefata,,raft,
1072,geutehata,,raft,
1073,ge-weui,,chew sugar cane,
1074,giama,nanga,"hand, arm, forefoot",body part
1075,giau,o,drinking *coconut,food
1076,giete,,laughed at,
1077,gigabu,,wild *banana,plant
1078,gigan,,"fresh, new, unripe",
1079,giganga,o,wild *lemon,plant
1080,gigima,,fun after a feast,
1081,gigini,,"nurse, raise, feed",
1082,gigoro,ho,"talk, make *noise",
1083,gihe-giheune,,obey,
1084,gihini,,seed *corn,plant
1085,gihoro,,"grind, abrasive",
1086,gihouro,,horseradish,food
1087,giki-loa,,warewolf,
1088,gikiri,,spirit,
1089,gila-gila,ho,to *continue,
1090,gilaongo,,female *slave,
1091,gilianga,,"break, unfurl",
1092,gilidanga,,blue bottlefly,animal
1093,gilili,,skin *disease,
1094,gilio,ho hi,"return, bring back",
1095,giliri,,"praise, honor",
1096,gilitopa,o,wild casava tree,plant
1097,giloi,,to *smooth,
1098,gilya-gilyaka,,married people,
1099,gilyaka,,marry,
1100,gina,,"load, cargo, contents",
1101,gineune,o,small *bird,animal
1102,giniki,,drive away,
1103,ginitara,,light,
1104,ginogi,,poisonous *fish,fish
1105,giofiki,,sour,
1106,giohiki,,sour,
1107,gioko,,sleep,
1108,giopu,,dragnet,
1109,gipirini,o,k o *snake,animal
1110,giranga,,posts,
1111,giria,ma,frequent,
1112,giriri,,"praise, glory, honor prize",
1113,gitaamoko,,dawn,sky
1114,gitaoa,,"heaven, sky",sky
1115,gitifiri,,"fingernails, toenails, claws",body part
1116,gitihiri,,"fingernails, toenails",body part
1117,gito,o,coconut *beetle,insect
1118,giunu,,hide someone,
1119,giwe,,waterfall,earth
1120,giwi,,"move, shake",
1121,go,,growth,
1122,go,,"fresh, not *finished, unfaded",
1123,goa,o,"lower end *stem, base, stump",plant
1124,goaha,,ebb,
1125,goana,,"watch, wait for",
1126,gobe,,stalk,
1127,gobu,,pick up,
1128,gobubulu,i,bubble,
1129,gobuhu,o,cockroach,animal
1130,gocela,,cluster,
1131,goduru,o,"young *man, youth",
1132,gofa,,"club, bludgeon",
1133,gofau,,k o small *fish,fish
1134,gofelanga,o,"bedbug, crab *louse",animal
1135,gofi,,flat,
1136,gofo,,wash hair in coconut milk,
1137,gofoanga,o,sago baking mold,food
1138,gofu-haerani,,weed,
1139,gogaha,,character,
1140,gogahoko,,request,
1141,gogahu,,livelihood,
1142,Gogaili,o,river South of Labi-Labi,
1143,gogaka,,"maybe, perhaps",
1144,gogama,i na,"shiver, cold, fever",
1145,gogarade,,carving,
1146,gogata,,fourth part,
1147,gogatahiki,,soft,
1148,gogehe,,rub,
1149,gogele,,"challenge, vex, taunt, slander",
1150,gogeulewoto,,toilet paper,
1151,gogeure,,"live, stay",
1152,gogeurebongo,,"irresponsible, foolish, half wild",
1153,gogeurena,,cushion,
1154,gogihoro,,wash basin,
1155,gogihouro,,grindstone,
1156,gogilio,,returning,
1157,gogiloliti,,encircle,
1158,gogilyaka,,married people,
1159,gogingi,,grimace,
1160,gogioko,o,k o *plant,plant
1161,gogirimanga,,"cork, stopper",
1162,gogitihiri,,plant,plant
1163,gogo,nanga,body hair,body part
1164,gogo,nanga,"feather, body *hair",body part
1165,gogobu,,"crowd of people, meeting",
1166,gogogama,,fever,
1167,gogogeure,,"dwelling, residence",
1168,gogohara,,stick,
1169,gogohihi,,orphaned,
1170,gogohiki,,water,
1171,gogoko,,exhort,
1172,gogoli,,metal bracelets,
1173,gogoloko,,hoop,
1174,gogono,ha,hide,
1175,gogonoko,,sternum,body part
1176,gogori,,shell,
1177,gogoru,,"love, compassion",
1178,gogoru,,invite,
1179,gogouno,,"put away, keep, hide",
1180,goguho,,soap tree *bark,
1181,goguhu,,cockroach,
1182,goguhulo,,ficticious *bird,
1183,goguhulu,,red *ant,
1184,goguhumutu,,banana,
1185,goguhumutu,o,beach *bird,animal
1186,goguiti,,"scoop, bailer",
1187,gogule,,toy,
1188,gogurati,ma,yellow,color
1189,gogurumini,,lance,
1190,gogutuku,,rice crop,
1191,goguwini,,light,
1192,goha,,beat,
1193,goha,,calming sea,nautical
1194,goha,,"club, bludgeon",
1195,gohaka,,boil,
1196,gohara,,beat,
1197,gohau,,k o small *fish,fish
1198,goheba,o,small osprey,animal
1199,gohelanga,,bedbug crab *louse,
1200,gohi,o,egg,food
1201,gohihi,,orphan,
1202,goho,,wash hair with coconut,
1203,gohoanga,,sago baking pan,
1204,gohomanga,o,crocodile,animal
1205,gohora,,nutmeg,
1206,gohotouro,,house,
1207,gohotouro,,leech,
1208,gohotouro,,green *parrot,
1209,gohumutu,,stick into,
1210,gohungiri,,sea grass,
1211,goi,,tree,
1212,goko,,"maize, corn",
1213,goko,,river,
1214,goko,,buy,
1215,gola,,large stones,
1216,gole,,cleaver,
1217,golebo,,wind gusts,
1218,goli,ha,bite,
1219,golioa,,plant,
1220,golongi,,"band, hoop",
1221,golupu,,dagger,
1222,golyoa,,fallow garden,
1223,gomako,,split bamboo,
1224,gomanga,,full,
1225,gomangau,,spirits of the dead,
1226,gomateure,,sorcerer,
1227,gomoanga,,liana,
1228,gomolo,,plant,
1229,gomona,,"gnat, mosquito",
1230,gomouno,nanga,eyeball,body part
1231,gomuku,,sore,
1232,gomuku,,"ripe, mature",
1233,gonauna,,"worms, maggots",
1234,goneune,,notch,
1235,goni,,"sail cloth, sacking",
1236,goobe,,plant,
1237,goodoungo,,"strangle, pinch",
1238,gookoko,,"bank, shore",
1239,gookoro,,band,
1240,goopuunu,,"meal, flour",
1241,gopoa,,pour,
1242,goraka,,"lift, carry",
1243,gorangoto,,shark,
1244,goreuhe,,cry,
1245,gori,ha,"bore, drill",
1246,gorida,,grindstone,
1247,goriki,,clearsighted,
1248,goriki,,"find, obtain",
1249,goro,o,rubber,
1250,goro,o,rubber springs (on a spear gun),hunting
1251,goroana,,deer paths,
1252,goro-goro,,milksap,
1253,goro-goro,o,sticky *rice,food
1254,goro-goro,o,taro,plant
1255,goroho-kaha,,petroleum,
1256,gorohutu,nanga,"eyebrow, k o *tree",body part
1257,goroko,o,owl,animal
1258,gorona,ma,middle,
1259,goronaka,ma,"insides, contents",
1260,gorouhau,,judgement,
1261,gorua,,deep bay,
1262,gorua,,fish,
1263,gota,o,"wood, firewood, tree",plant
1264,gotoauka,o,white *parrot,animal
1265,gotoaura,,rumpsteak,
1266,gotola,o,white *parrot,animal
1267,gou-goungu,,alike,
1268,goungu,,"real, true",
1269,gouru,,"scrotum, balls",body part
1270,gua-bebe,,balsam,
1271,guai,,mango,food
1272,guapo,,fine grain,
1273,guawe,o,mango,food
1274,guba,,curtain,
1275,gubadi,i,left,
1276,gububulu,i,fill with water (by being held under water),
1277,gudoti,o,war,
1278,gudu,,far,
1279,gududi,,rash,
1280,guewa,o,k o *mussel,animal
1281,gufuku,o,pig *louse,animal
1282,gufuru,o,fly,animal
1283,gugu,o,sea *eel,fish
1284,guguia,o,small red *handkerchief (used by women to cover their breasts),
1285,guguli,,trumpet,
1286,gugumu,ma,"coccyx, tail",body part
1287,gugutu,nanga,armpit,body part
1288,guha,o,mould,
1289,guhu,o,"hole, pit",
1290,guhuru,o,fly,animal
1291,guihi,ya,stream,
1292,guiti,ho ma,bail,nautical
1293,guju,,"bury, put away",
1294,gula,,liquid sugar,food
1295,gule,,song play,
1296,gule,,play alone,
1297,gule,,bead,
1298,gule-gule,,rice porridge,
1299,gule-gule,o,necklace,
1300,gulelanga,o,k o *parrot,animal
1301,gulero,,"skillful, skilled",
1302,gulubenge,o,k o wild areca *palm,plant
1303,gului,o,tail,body part
1304,gului-tubo,o,k o small *snake,animal
1305,gulupoa,ho,overflow with water,
1306,gulura,ha,split (into small pieces),
1307,guma,o,fish hook,tool
1308,gumalya,ho,"permit, consent",
1309,gumemene,o,chicken *louse,insect
1310,gumi,o,moustache,body part
1311,gumi-lamo,o,python,animal
1312,gumini,o,"sweet potato, creeping *plant",food
1313,gumuruku,,"side, oblique",
1314,guna,,love potion,magic
1315,gunehanga,,resin,
1316,gunu,,torch soot,
1317,gura,,island,
1318,gurabati,,shrub,
1319,gurama,,tree,plant
1320,gurati,,gold,
1321,gurati,ma,yellow,color
1322,guri-guriti,,laced up,
1323,guri-guriti,o,small black *bat,animal
1324,guriti,o,string,
1325,guroko,,"snore, grunt",
1326,gurubabo,,trap,
1327,guruhe,,"swarm, hordes",
1328,gurumini,,"reflection, shaddow",
1329,gurupe,,"swarm, hordes",
1330,gurutu,ma,"long, length",
1331,guti,ho ma,descend,
1332,guti,o,scissors,
1333,gutugete,o,k o freshwater *fish,fish
1334,gutuku,,gather,
1335,guuhuru,,wasp,animal
1336,guwini,,light,
1337,haaka,o,silver,
1338,haara,,hole,
1339,haba,,"get loose, tear, rip",
1340,habanere,,visible on the sea bottom,
1341,habarang,,something,
1342,habatana,,large rush *mat,
1343,habeba,o,loin cloth,
1344,habeloro,o,k o small yellow *snake,animal
1345,habeta,o,coconut *beetle,animal
1346,habeuleko,,let a word slip out,
1347,habi,,"pair, set",
1348,habirotaka,,starve,
1349,habo,,"part, prey",
1350,habongo,o,flat *basket,
1351,hadaka,,"gift, alms",
1352,hadaria,,k o *waistcoat,
1353,hadi,,Sunday,
1354,hadorari,,attack,
1355,haeke,manga,head,body part
1356,hafini,,,
1357,hafuru,,sister in law,
1358,hagaga,,yelling encouragement,
1359,hagago,,sharp smell,
1360,hagarara,o,"finger, toe",body part
1361,hago,,"forked, split",
1362,hahahaka,,"unripe, sour",
1363,hahakara,,hair point above forehead,
1364,hahalebiti,,slanting,
1365,haharu,i,"current, flow",
1366,haharu,o,mortal combat,
1367,hahauo,,wrapper,
1368,haheure,,spy upon,
1369,hahi,,"swear, swear an oath",
1370,hahini,i na,hungry,
1371,haho,,stack,
1372,hahoreune,,cockscomb,
1373,hahura,i,"shiver, tremble, shake",
1374,hahuru,o,sister in law,kin
1375,haibauru,,prepare,
1376,hai-haili,,flutter,
1377,haika,ha,"take away, remove",
1378,haili,,"blow away, fly away",
1379,hailoa,ma,"nice, pretty, beautiful",
1380,haino,ha,bring here,
1381,hai-regu,,divide,
1382,hairi,,visible on sea bottom,
1383,haiti,ho,dig,
1384,haiwateuki,,sleepless,
1385,hajali,,"agreement, promise",
1386,haka,ha,peel,
1387,hakadoru,,ramrod,
1388,haka-honyinga,,remind,
1389,hakai,ho,"cook, kitchen, cooking",
1390,hakaru,,stone,
1391,hakaura,,spear,
1392,haka-waro,,inform,
1393,haketa,o,tree,plant
1394,haki,ma,"fat, delicious",
1395,hakihi,o,witness,
1396,hakiloro,o,k o large *shrimp,animal
1397,hakimu,,"judge, court",
1398,hakiri,,"legendary, folk",
1399,hakola,,sash,
1400,hakola,o,school,
1401,hakoro,ha,to make a k o *wicker,
1402,hakoto,ha,straighten out pandanus leaves,
1403,haku,,"right, ownership",
1404,hakulu,ha,"boil, stew",
1405,hakuru,ma,bunch,
1406,hakuta,,"maintain, care for",
1407,halabiana,o,megapode bird,Eulipoa wallacei
1408,halaeta,o,fishing line *leader,fishing
1409,halaha,o,Tuesday,time
1410,halalenge,o,impurity,
1411,halamata,,"supernatural, heavenly",
1412,halamati,,"welfare, happiness",
1413,halamburung,,bird *nest,
1414,halapa,o,fish carrying *net,fishing
1415,hale,o,k o *tree,plant
1416,halebiti,,slanting,
1417,haledo,i,half *dead (of fish),
1418,hali,,expensive,
1419,hali,,bad,
1420,hali,,fishing rod,
1421,hali,,"lawsuit, dispute",
1422,halibiru,ho,"oppose, contradict, resist",
1423,halila,o,wild citrus *fruit,plant
1424,halimuli,,k o *tree,plant
1425,halingohu,,must,
1426,halipi,,walls,
1427,halopa,,metal areca *box,
1428,halu,,village stamp,
1429,haluanga,,"earth *friut, liana",plant
1430,haluara,,trousers,
1431,haluhu,,answer,
1432,halulunu,,feel,
1433,hamaka,o,watermelon,plant
1434,hamana,,outrigger,nautical
1435,hamanemo,,"hit, strike",
1436,hamata,,arenpalm leaf ribs,
1437,hamehi,,tanning a net,
1438,hamihi,o,Thursday,
1439,hamooko,,collarbone,
1440,hangaimi,,use finger to induce *vomiting,
1441,hangaini,,remove,
1442,hangaji,ma,district head,
1443,hangali,,"repay, return service",
1444,hangate,,banana,
1445,hange,NUM,three,num
1446,hange-hona,,cry of surprise,
1447,hangeru,,festive *procession,
1448,hangeru,,sneeze,
1449,hangihara,ma,"pain, ache, illness",
1450,hangkole,,sago package,
1451,hangkura,o,land *tortise,animal
1452,hango,,answer,
1453,hango-hango,o,k o large *fish,fish
1454,hangoka,,March,
1455,hangole,,all the more,
1456,hangu,,"pay, satisfy",
1457,hangu-hangu,o,,
1458,hangunu,,"pay, satisfy",
1459,hanguru,,snort,
1460,hanitiata,,without * topping,
1461,hanongo,,female *grandchild,
1462,hao,,"widow, then",
1463,haoko,,bring seaward,
1464,hapaka,,stones throw,
1465,hapela,,crotch of trousers,
1466,hapi,o,cow,
1467,hapitu,,also,
1468,hapongo,,come,
1469,hara,,also,
1470,hara,,"turn, time",
1471,hara,,a number of roofing leaves,
1472,harabaka,,splash,
1473,hara-hara,,"all, one by one",
1474,haraka,,crossbeams,
1475,haram,,"unclean, forbidden",
1476,harana,,wounded,
1477,harangoto,,banana,
1478,harapa,,rash,
1479,harara,,rake,
1480,harati,,charm,
1481,haratu,,coin,
1482,harau,,dried above the fire,
1483,harawodeke,o,wood *lizard,animal
1484,haremi,,shoulderblade,
1485,harene,,"board, ascend",
1486,hareuhe,,spread of fingers,
1487,hari,,knot net,
1488,harigana,,roof vent,
1489,harita,ha,"to *notch, net mending needle",fishing
1490,harongo,ha,"broil, roast",
1491,haropu,,diarrhea,
1492,haru,,"pressing request, persistent",
1493,haruawanga,,edible *plant,
1494,harumu,,"sheath, case",
1495,hasil,ma,yield,
1496,hatamu,,cut,
1497,hatenga,,half,
1498,hatera,,"wild, savage",
1499,hateru,,"work, labor",
1500,hatobu,o,tree,plant
1501,hatoli,,almost,
1502,haturu,o,enemy,
1503,hau,,,
1504,hauku,ma,"warm, heat",
1505,hauo,,"wrap, pack",
1506,hauraro,,solid *lava,
1507,hauru,,"feel, grope",
1508,hawa,,lewd,
1509,hawa,,renovate,
1510,hawaho,,"know, acquainted",
1511,hawakata,,stomach *illness,
1512,hawana,,"fear, dislike",
1513,hawateri,,"uneasy, worry",
1514,haweko,,"basin, bowl",
1515,hawoa,,banana,
1516,hawuaba,,beach,
1517,hayanga,,compassion,
1518,hea,,foolish,
1519,hebiti,,uneven,
1520,hedu,,jest,
1521,hegala,,all,
1522,hehega,,skin disease,
1523,hehehera,o,broom,
1524,heheli,,drain,
1525,hehene,o,tree,plant
1526,hehengi,,lance,
1527,hehera,ho ma,"sweep, dust",
1528,hehoto,ha,press together,
1529,hehutu,,late,
1530,hekafu,,"completely, entirely",
1531,hekata,nanga,wife,kin
1532,heki,o,tree,plant
1533,hekono,,"bare, naked",
1534,hela,,prahu parts,nautical
1535,hele,,slip,
1536,helehuku,,square bottle,
1537,helekono,,seperated spouse,
1538,helenga,,open,
1539,heleta,,sago beating,
1540,heleuru,,pull out,
1541,helewati,,banana,plant
1542,helewo,o,stone,
1543,heloro,,"move, turn",
1544,helotu,,lock,
1545,heluku,,joke,
1546,hemo,,palm,plant
1547,hemoro,ma,"sweet, delicioius",
1548,hena,,slim,
1549,hene,,turtle,
1550,heneni,o,Monday,time
1551,heneoara,,spirit of the dead,
1552,henge,,strap pack,
1553,hengi,,cent,
1554,hengo,,half *roasted,
1555,heoko,,turned over,
1556,heoto,ho,draw palm wine,food
1557,hepa,,catch,
1558,hepa-hepa,,play catch,
1559,hepata,o,"aren *palm, sugar *palm",plant
1560,hepe,,ceramic *pot,
1561,hepeli,,"flag, pennant",
1562,hepi,,slanting,
1563,heran,,"surprised, amazed",
1564,hereko,,border,
1565,hero,,fish,fish
1566,hero,,"grow, shoot up",
1567,hero-hero,,net fish trap,
1568,hetang,,devil,
1569,hetongo,ha,"say, name",
1570,hewa,o,"wages, rent",
1571,hewana,ha,strip *bark,
1572,hewana,i,"wide open, gape, to *open, to *separate",
1573,hewelanga,,shut with a swivel,
1574,hi-,vpf,"causative verbal prefix, valence-increasing",
1575,hiado,part,"till, untill",
1576,hiado-adono,,"long, many years",
1577,hiadono,,"till, until",
1578,hiadono,part,"reach, attain",
1579,hiaga,,crest of white *parrot,
1580,hiaha,,"impose, insist",
1581,hiaha,,old tuber,
1582,hia-hia,,shout for joy,
1583,hia-hia,,water *scoop,
1584,hiahu,,earth fruit,plant
1585,hiahumu,,"repair, mend",
1586,hiahutuhu,,k o wild *plant,plant
1587,hiake,,lean,
1588,hiamuru,,ceremony,
1589,hiangi,,underlayer,
1590,hiangkali,,decieve,
1591,hiani,,young deer horns,
1592,hiapoto,ma,"quick, fast",
1593,hiara,,hang down,
1594,hiarene,,threaten,
1595,hiata,,draw out,
1596,hiba,,small green *parrot,animal
1597,hibaaeri,,floating,
1598,hibahuku,,make an *axe,
1599,hibaiti,,bury,
1600,hibaja,,flatter,
1601,hibaju,,jacket,
1602,hibajuli,,gamble away,
1603,hibakau,,pay,
1604,hibakau,,pay,
1605,hibaki-bakiti,,"wrestling, rolling",
1606,hibaki-bakiti,,"wrestling, rolling",
1607,hibaku-baku,,pitch,
1608,hibaku-baku,,pitch,
1609,hibalyanguku,,get in the *dark,
1610,hibalyanguku,,get in the *dark,
1611,hibanga,,bury,
1612,hibanga,,bury,
1613,hibangu,,pay,
1614,hibangu,,pay,
1615,hibarakati,,blessing,
1616,hibarakati,,blessing,
1617,hibarene,,load,
1618,hibarene,,load,
1619,hibarihi,,make fly,
1620,hibarihi,,make fly,
1621,hibata,,jump up,
1622,hibata,,jump up,
1623,hibatingi,,make *boundary,
1624,hibatingi,,make *boundary,
1625,hibatongo,ho ma,"rest, wait, stay",
1626,hibatongo,ho ma,"rest, wait, stay",
1627,hibau,,repair,
1628,hibau,,repair,
1629,hibehehongo,,give command,
1630,hibehehongo,,give command,
1631,hibelaono,,take provisions,
1632,hibelaono,,take provisions,
1633,hibelelaka,,make thin,
1634,hibelelaka,,make thin,
1635,hibeloho,,put in stake,
1636,hibeloho,,put in stake,
1637,hibeneto,,work o neself through,
1638,hibeneto,,work o neself through,
1639,hibilipere,,shake off,
1640,hibilipere,,shake off,
1641,hibilono,,dry coconut leaves,
1642,hibilono,,dry coconut leaves,
1643,hibitara,,talk it over,
1644,hibitara,,talk it over,
1645,hibiti,,cup,
1646,hibiti,,cup,
1647,hibito,,cut thru,
1648,hibito,,cut thru,
1649,hiboa,,"get, fetch",
1650,hiboa,,"get, fetch",
1651,hiboaka,,cry out,
1652,hiboaka,,cry out,
1653,hibobeto,,swear,
1654,hibobita,,impose a command,
1655,hibohono,,love,
1656,hibohoro,,give in anger,
1657,hibooteke,,split in,
1658,hiboto,,prepare,
1659,hibuhukuku,,give *birth,
1660,hibula,,"divide, portion",
1661,hibunyafo,,decieve,
1662,hiburu,,tree,
1663,hibututu,,pin up,
1664,hida,,look,
1665,hida,,small roof patch,
1666,hidaaere,,blame,
1667,hidabawa,,"disparage, disdain, despise",
1668,hidabi,,consider,
1669,hidadi,,create,
1670,hidagali,,go to do,
1671,hidaharongo,,sticklefish,
1672,hidahe,,scout,
1673,hidahe-dahe,,spies,
1674,hidailako,,keep track o f,
1675,hidaloko,,wind,
1676,hidana,,tame,
1677,hidanga,,"strait, narrows, passage",
1678,hidangi,,set down on a tree,
1679,hide,ma,bamboo sprouts,food
1680,hidete,o,"sail, to *sail, navigate",nautical
1681,hidimoaka,,deny,
1682,hiduru,,steer,
1683,higaga,,mock,
1684,higojo,,slander,
1685,hiha,,loin cloth,
1686,hihanga,,lost,
1687,hihi,,"hot, prickly, stinging",
1688,hihika,,"thorn, towel, handkerchief",
1689,hihipouku,,house lizard,
1690,hihiri,o,mosquito,animal
1691,hihoi,,enchantment,
1692,hihu,,mend,
1693,hika,,"wipe, dry",
1694,hikagoro,ho ma,decide,
1695,hikerufu,,screw,
1696,hila,,sailfish,
1697,hilidoro,o,k o *bird,animal
1698,hilo,,resin,
1699,hiloana,,garfish,
1700,hilo-hiloto,,horseradish,
1701,hinga,,lion,
1702,hinianga,,k o *wood,
1703,hininga,o,"understanding, thought, mind, heart, to be *fond of",
1704,hinoto,NUM,two,
1705,hiode,o,"meat, side dish",
1706,hio-hio,,old,
1707,hioriki,ha,"understand, know",
1708,hioru,ho ma,paddle,nauticalical
1709,hira,ma,"in the *beginning, to be the *first",
1710,hiranga,nanga,opposite-sex *sibling,kin
1711,hiri,i na,"to be *sick, pain, difficult",body part
1712,hitakono,o,log,
1713,hitikano,o,,
1714,hiwala,o,k o banana,food
1715,hiwili,o,decoration on rim of habongo,weaving
1716,hiwo,NUM,nine,num
1717,hiwu,o,k o fish net,fishing
1718,hlubota,,shrub,
1719,ho,part,"rest, remainder",
1720,ho,part,thus,
1721,ho-,PRO,"1i, we",
1722,ho-,PRO,1inc,
1723,hoaha,,whistle,
1724,hoana,ma,tribal *village,
1725,hobata,EXC,sir,
1726,hobolo,,mumps,
1727,hobu,ho,beg,
1728,hofoko,,carry fruit,
1729,hogo,,pubic hair,body part
1730,hogoli,o,bamboo *knife,
1731,hogoto,,steps in coconut tree,
1732,hohakai,,kitchen,
1733,hohe,,"open, expand",
1734,hoho,i,fly,
1735,hohoba,o,"trident, stab with a trident",fishing
1736,hohobo,o,stone *jar,
1737,hohoko,ma,"fruit, flower",
1738,hohomo,,ghost,
1739,hohongo,o,"shadow (of things, not people), take shelter (under s t)",
1740,hohoru,,west,
1741,hoinapana,,gun,
1742,hoinapana,o,gun,hunting
1743,hoka,ha,wash (clothes),
1744,hoka,ma,leaf,plant
1745,hoka,part,"as, like",
1746,hokana,i,fly out (of a tool from a handle),
1747,hokiki,o,k o *spear (without a barb),hunting
1748,hokoganga,part,like that,
1749,hokona,part,like this,
1750,hokoto,o,fist,body part
1751,hokumu,ha,"pour out, decant",
1752,holano,,"beginning, origin",
1753,holete,ho,enter,
1754,holoa,ho,to give a small *gift,
1755,holoi,i,more,
1756,holya,o,"war *dance, to *dance the cakalele",
1757,homa,,stutter,
1758,homoa,,"other, different, strange",
1759,homomara,,k o *tree,
1760,homooko,,k o *hardwood,
1761,homu,,troubled,
1762,honanga,,something,
1763,honenge,ha,die,
1764,hongana,o,"jungle, forest",
1765,hongara,,roast,
1766,hono,,basin,
1767,hononga,ma,"half, part",
1768,honotoko,,chisel,
1769,hopa,,hem,
1770,hopaya,,that,
1771,hopi,,"swear, curse",
1772,hopopo,,fine,
1773,hora,,"transport by canoe, contagious, chaff",
1774,horemati,,show respect,
1775,horene,,crow,
1776,hori,,lead,
1777,horogono,,neck hair of pig,
1778,horowai,,wild parsley,
1779,horowiri,,behavior,
1780,horu,,harden,
1781,hotumu,,exhausted,
1782,hou,ma,remainder,
1783,houramo,o,"mist, fog",
1784,houru,,medicine,
1785,howi,,measles,
1786,howono,,transgress,
1787,huba,,bride price,
1788,hubini,,musty,
1789,hude,o,plate,
1790,hudu,ho,whisper,
1791,huha,ha,"to be *difficult, poverty, need",
1792,huhu,ma,breast,body part
1793,huhu,ha,to *nurse (a child),
1794,huhu,ho,to *suck (the breast),
1795,huhugara,,shovel,
1796,huhukuno,o,termite(?),insect
1797,huhupi,,blowpipe,hunting
1798,huhuru,,wild,
1799,hukara,,death *feast,
1800,huku,,magpie,
1801,huku,,knot,
1802,hukunu,ha,sell,
1803,hulahi,o,k o herb,plant
1804,huloko,ha,order,
1805,huludi,,pinch s t,
1806,hululunu,,round,
1807,humu,o,well,
1808,humungu,,"nag, whine",
1809,hungi,,new,
1810,huo,o,heart,body part
1811,hupi,,shoot with blowpipe,
1812,hupu,ho,"go out, come out",
1813,hurabi,,porch,
1814,hurata,,letter,
1815,huri,,fruit blossom,
1816,hurono,,nostrils,
1817,huru,,k o *fish,
1818,hurutu,,fish poison,
1819,hutu,ma,"night, dark",
1820,hutuani,,moment,
1821,hutulu,i,a *little,
1822,huwa,,roar of flame,
1823,huwiha,,trumpet,
1824,huyu,,smoke,
1825,ia,,yes,
1826,iafa,o,porpoise,animal
1827,iaha,,,
1828,iata,NUM,four,num
1829,ibelihi,,evil spirit,
1830,idahi,o,k o small bird,animal
1831,ido,o,mackerel,fish
1832,ido,o,mongoose,animal
1833,idowau,,sayur liling,
1834,idu,,lie down,
1835,idulu,i,turn over,
1836,-ie,DIR,upward,dir
1837,iete,ho ma,laugh,
1838,igini,,fish trap,
1839,igo,ho,"love, like",
1840,igo-igoro,,"coast, sail close to shore",nautical
1841,igono,o,coconut,food
1842,igutu,,nest,
1843,iha,,"hedge, fence",
1844,-iha,DIR,landward,dir
1845,ihanga,ma,gunnel,nautical
1846,ihara,,chicken scratching,
1847,ihene,ho,hear,
1848,ihihi,o,urine,
1849,ihoro,ho,"wash dishes, scour, grind, clean",
1850,ihumu,,trembling,
1851,ija,ho ma,buy,
1852,ijo,ma,green,
1853,-ika,DIR,"allative directional suffix, away",dir
1854,ika,ha,go away,
1855,ilingi,o,voice,
1856,ilyaka,,marry,
1857,imu,o,k o spirit,magic
1858,ingiri,nanga,tooth,body part
1859,initara,,light,
1860,inomo,o,food,
1861,inongo,,"here, now",
1862,ipiti,,"pinch, squeeze",
1863,iriki,ha,"choose, select",
1864,iruhu,,skim,
1865,iti,,only,
1866,iunu,,"hide, conceal",
1867,iwa,ha,not present (for people),
1868,iwi,,rattan,
1869,ja,o,casting *net,fishing
1870,jabibi,,blister,
1871,jabu-jabu,,sago gutter,
1872,jaga,,(branch of tree),
1873,jai-jai,,hasty,
1874,jajawa,,coconut water seperated from milk,
1875,jaji,o,"resemblance, promise, agreement",
1876,jako,,"bearing, appearance, stature",
1877,jako-jaka,,net landing,
1878,jamani,,"face, countenance",
1879,jame,,"taste, sample",
1880,jamu,o,"bell, clock",time
1881,janga,,"shine, glitter",
1882,janga,,beams,
1883,janga-janga,,brilliant,
1884,jangela,o,window,
1885,jarita,,story,
1886,jaru,,aunt,
1887,jati,,wood,
1888,jela-jela,,grass,plant
1889,jere,,"grave, cemetary",
1890,jijibobo,,spoon,
1891,jijiga,,orange,
1892,jiko,,"bay, bight, creek",
1893,jobiri,,ancestor,
1894,jobo,,"go, depart",
1895,jobubo,,"source, also",
1896,jojo,,paternal *uncle,
1897,jojo,,"handrail, hold fast",
1898,jojongo,,pearl,
1899,jojopu,,syringe,
1900,joko-joko,,bamboo *bench,
1901,jongutu,,mat,
1902,jopu,,squirt,
1903,joro,,fallow garden,
1904,joro-joro,,"garden, singing game",
1905,jou,,gentleman,
1906,juangana,,large *canoe,
1907,jubale,,splice rope,
1908,jumu,,calk,
1909,ka,,only,
1910,kabelanga,,cocnut shell,
1911,kabi,o,goat,
1912,kaboto,,schooling *fish,
1913,kabutu,o,puffer *fish,fish
1914,kadu,o,sack,
1915,kadu-kadunu,,"sleepykaeli, diligent",
1916,kadunu,,bend forward,
1917,kafo,,dust,
1918,kafo-kafo,,k o *mussel,
1919,kagunga,,large *canoe,
1920,kaha,,"country, region",
1921,kahawari,,cassowary,
1922,kahina,,mirror,
1923,kahitela,o,corn,food
1924,kaho,o,dog,animal
1925,kahoho,o,grasshopper,animal
1926,kahuruono,INTEROG,when (in the future),
1927,kai,ma,"skin, hide, bark",body part
1928,kailaka,o,k o *liana,
1929,kailupa,,kapok,
1930,kaingo,o,k o sea *snake,
1931,kaja,,palm *mat,
1932,kaka,,coral,
1933,kakadono,,joint,
1934,kakaluepata,o,oar,nautical
1935,kakatama,ma,tongs,tool
1936,kakatama,o,scorpion,
1937,kakihi,,slit,
1938,kakoto,nanga,eyelash,body part
1939,kakuba,o,a k o banana tree,
1940,kalero,,lime oven,
1941,kalubaharu,,black *coral(?),fish
1942,kalulu,,k o canoe,nautical
1943,kalupapa,,ear drum,body part
1944,kalyidu,,"lust, desire",
1945,kamo-kamoro,,clouds,
1946,kane-kane,,tree *ant,
1947,kangano,part,earlier,
1948,kangela,,"burden, trouble, anxiety",
1949,kapa,,"cotton, ship",
1950,kapeta,,kick with foot,
1951,kapu,,stain,
1952,karahi,,"rat, mouse",
1953,karana,,"respect, misfortune(Ternate)",
1954,kari,,decide arbitrarily,
1955,karianga,o,"iguana, lizard",animal
1956,karo,o,coral,nautical
1957,kateko,o,pandanus *mat,
1958,katu,o,roof,
1959,kawahi,o,wild *banana,plant
1960,kaweli,,throw,
1961,kawihi,,kite,
1962,kekere,,rasp,
1963,kelaki,,complaint,
1964,kele,,bamboo water *cask,
1965,kelehoro,ho,follow the *mountainside,
1966,kelenga,ho,"place, lay",
1967,keoko,ho,"to be *cowardly, cowardice",
1968,kera,,massage,
1969,kerewoto,ha,"separate, we were separated",
1970,keteko,o,sago bread,
1971,kia,Q,,
1972,kiai,,Chinese,
1973,kiani,part,must,
1974,kiarono,o,k o *basket,
1975,kiawa,o,taro,food
1976,kibiri,,"spit, saliva",
1977,kiditoko,,the very *last,
1978,kie,o,mountain,
1979,kiguru,,sago drain,
1980,kikihini,nanga,sideburns,body part
1981,kikisi,o,batten,weaving
1982,kilehoro,,sprain,
1983,kilianga,ha,"break o ff, demolish",
1984,kilioro,,turn,
1985,kiloana,o,bamboo water *cask,
1986,kilotini,,"drift wood, dead wood",
1987,kinitara,i,to be *light,time
1988,kioko,i na,to be *sleepy,
1989,kiria,,"frequent, many",
1990,kiwuku,,pull out s t,
1991,ko,,"embrace, hug",
1992,koaha,,better,
1993,koali,part,no,
1994,koano,,"sultan, k o gum tree",
1995,kobara,,leaf of areca *palm,
1996,kobo,o,manatee,animal
1997,kobongo,,bone,body part
1998,koboto,o,oath,
1999,kobowo,o,water *buffalo,animal
2000,kobu,,pick up,
2001,koca-koca,o,boring *insect,animal
2002,kofin,,fez,
2003,kofo,,drag *net,
2004,koha,,harsh,
2005,kohe,o,year *bird,
2006,kohuta,o,k o *banana,food
2007,koiwa,part,not present (for non-humans),
2008,kokaleda,o,k o *frog,animal
2009,kokarai,o,quiet the wind,magic
2010,koko,o,k o *gourd,food
2011,kokoa,,sleeping *mat,
2012,kokoho,o,night *owl,animal
2013,kokokoho,,warp,
2014,kokono,,egg *basket,
2015,kokoreehe,o,cricket,animal
2016,kokotu,,black,color
2017,kolo,,embrace,
2018,kololo,,embrace,
2019,kolotau,,mattress,
2020,kolubati,,worms,
2021,kolyoba,,"fisheagle, Madole",
2022,komene,o,k o *tree,plant
2023,komo-komo,o,sago *porridge,food
2024,kongo,,tears,
2025,kookoro,,"bent, crooked",
2026,kope,,turn away,
2027,kopi,o,coffee,
2028,kore,o,wind,
2029,korema,o,date *palm,plant
2030,kori,,"scrape, grate",
2031,kori-kori,o,tree *frog,animal
2032,koroana,,lose a child,
2033,korona,i,middle,time
2034,koru,o,"lobster, crab",animal
2035,koruku,,morning *star,nautical
2036,kota,,fortress,
2037,kotibi,,busy,
2038,koti-koti,,"dress, skirt",clothing
2039,kotiri,,"stiff, starched",
2040,kouno,o,k o *fish,fish
2041,kuama,o,spear (general term),hunting
2042,kubu-kubo,o,,fish
2043,kucawolo,o,k o forest *bird,animal
2044,kucubu,o,thorn apple,plant
2045,kuda,,"trestle, support",
2046,kuda-kuda,,weed tool,
2047,kudofo,ma,aren palm leaf sheath,plant
2048,kudoti,,war,
2049,kuho,o,k o *marsupial,animal
2050,kukihi,ma,banana flower,plant
2051,kule,,evil *spirit,magic
2052,kumati,,"splendor, shine",
2053,kumuruku,i,"lopsided, roll (of a boat)",nautical
2054,kupa,o,ketupat,food
2055,kupe,,eye of a *needle,house
2056,kuranga,part,less (than),
2057,kurati,ma,yellow,color
2058,kuru,,"charcoal, soot",
2059,kuru-kuru,,"hen, chicken",animal
2060,kururihi,,"snore, moan",
2061,kururu,ha,scrape (shave the roughness off pandanus),
2062,kurutu,i,"long, far, length",
2063,kutu,o,k o *snail,animal
2064,labara,o,wild *cat,animal
2065,labu,o,k o *watermelon,plant
2066,lada,o,pepper,food
2067,lage,ho,lift up s t,
2068,lai,,float on wings,
2069,laia,,dish,
2070,laikodu,o,k o *jellyfish,fish
2071,lainkapu,,k o *milkweed,plant
2072,lako,nanga,eye,body part
2073,laku,,"strongest, victorious",
2074,lalata,o,bamboo egg *basket,
2075,langi,,rollers,
2076,lapuru,,lamp,
2077,lara,,cell,
2078,lata,,scorch,
2079,lawe,,thread,house
2080,leanga,o,makeral,fish
2081,lebi,,sheets of a sail,nautical
2082,lebo-leboto,,stagger,
2083,ledo,o,"albino, Caucasian",
2084,lefo,,write,
2085,lega,ho,go *see s t,
2086,legono,,catch,
2087,leha,ho,ask,
2088,lehi,o,sleeping *mat,
2089,leleanga,,kite,
2090,lelero,i,sunset,time
2091,leletongo,o,lightning,
2092,leliama,,fish *sauce,food
2093,leoto,,anchor,nautical
2094,lepa,,"puddle, pool, marsh, deep *bay",
2095,leri,,"stand on one side, slant",
2096,letongo,,"shine, glitter",
2097,lewaha,,mixed,
2098,lewanga,,coconut eaten by birds,
2099,lewangka,,handcuff,
2100,liamo,,weed,
2101,liara,,"drag, pull",
2102,liaro,,mast,nautical
2103,liate,,pole,
2104,libiri,,emigrate,
2105,libuku,,corner,
2106,ligihi,,rope,
2107,liha,o,k o *tree,plant
2108,lihanga,o,"gong, metal *bowl",
2109,lihunu,o,garden *house,
2110,lihunu,,stalk,
2111,liko,ha,"snare, tie.up",
2112,liliko,ma,snare,
2113,liliri,o,tool for making strips for basketry,weaving
2114,limoro,ho,hunt,hunting
2115,linga-linga,,go by land,
2116,lingiri,ha,"look for, inquire",
2117,lio,ho,"turn back, return",
2118,liporete,ho ma,sit back to back,
2119,lita,o,iron nail,house
2120,litoraka,,rafter,house
2121,liweweru,o,pohon casuarus,plant
2122,loa,,yard,
2123,lobe,o,torch,
2124,lobi,o,cloud,nautical
2125,lobi-lobi,o,dark *clouds,
2126,lola,,reconcile,
2127,loleba,o,"warp, weft",weaving
2128,loleoto,,anchorage,
2129,lolioanga,o,k o *ant,animal
2130,loliti,,turn s t,
2131,loloha,o,yard,
2132,lololo,o,shell,animal
2133,lolongutu,,red *grasshopper,
2134,lolou,,writing tool,
2135,lori,,k o *duck,bird
2136,loro,,glass,
2137,lotengi,,"ceiling, attic",
2138,loti,,one unpaired,
2139,loto-lotono,,notched,
2140,lotono,,make *notches,
2141,lou,,sketch,
2142,louhu,,smooth,
2143,louku,,smoldering,
2144,lowo,,worn off,
2145,lowo,,low *ground,
2146,luga,,k o *pigeon,
2147,lugo,,pronunciation,
2148,lugu,,paralysed,
2149,luhungu,,"cover up, cover",
2150,luhungu,,stamping block,
2151,luiti,,cut,
2152,luiti,,stroke,
2153,lukama,o,langsat,food
2154,luku,ma,deep,
2155,lukuku,,surface,
2156,lulu,,"roll, roll up, tumble",
2157,luluiti,,bow,
2158,lulule,o,butterfly,animal
2159,lulumiti,,moss,plant
2160,lungunu,o,"grave, casket",
2161,lupanga,o,sinkhole,
2162,luri,o,red *parrot,animal
2163,lurutu,,stand close together,
2164,luti,,smallpox,
2165,lutu,,sink,
2166,lyabo,,sharp,
2167,lyahini,,drive away,
2168,lyahini,ho,"drift away, drift (in a boat without paddling)",
2169,lyahiri,,swallow,
2170,lyaho,,calf,
2171,lyahongo,,gill,
2172,lyamiri,,"spoiled, sour",
2173,lyaru,,comfort a child,
2174,lyau,,howl,
2175,lyauhu,,smear *grease,
2176,lyaunu,o,fish,fish
2177,lye,ha,"get, take",
2178,lyeha,ma,"keel, mainland, in particular the large island of Halmahera",
2179,lyia,ho,hunt with dogs,hunting
2180,lyikutu,,"tie, bind",
2181,lyoboho,,swell,
2182,lyohihi,ho ma,urinate,
2183,lyoho,,smoke,
2184,lyokini,,pour out dry goods,
2185,lyoko,o,"shit, excrement",
2186,lyolyokutu,o,refuse *scoop,household
2187,lyoku,o,mountain,
2188,lyokuku,,opening,
2189,lyou,nanga,"leg, foot",body part
2190,ma,NCL,genetive noun marker,
2191,ma-,RFLX,reflexive verbal prefix,
2192,maata,ma,"cold, cool, fresh",
2193,madango,,"as, so much *as, by *resemblence",
2194,mahau,ho ma,wash (one's) face,
2195,mahirama,,completely *covered,
2196,mai,,"fade, wilt, whither",
2197,mai,,harpoon shaft,tool
2198,maihi,,fortune telling,
2199,maijanga,o,deer,animal
2200,maiki,,open,
2201,makahe,o,k o *fish,fish
2202,makamahingi,,threaten,
2203,make,ha,"find, obtain, receive, aquire, discover",
2204,makokuduku,,cover the head,
2205,makoro,o,"male pig, male.pig",animal
2206,mali,,bitter,
2207,malige,,palace,
2208,maling,,"guide, pilot",people
2209,malya,,"permit, allow, leave behind",
2210,malyeke,,ashamed,
2211,mamata,,belly,
2212,mamene,o,brain,body part
2213,mami,ha,"rinse s t, rinse (oneself)",
2214,manarama,,work,
2215,mandarahi,,casava,
2216,mane,,court s o,
2217,mane-mane,,beads,
2218,manga,o,mango,food
2219,mangale,part,because,
2220,manoko,o,bat,animal
2221,mao,,"feel, feelings",
2222,maoko,ho,stand up,
2223,maraha,,"vapor, mist, haze",
2224,marai,part,"roughly, must",
2225,marangi,,opposite,
2226,maratana,,flower,
2227,mari,,stone,
2228,maruhu,,feast,
2229,mata,,end,
2230,matana,,tiger,
2231,matera,,deliver *magic formula,
2232,matiga,,butter,
2233,matoko,,show,
2234,mayoro,o,,plant
2235,mede,,"indeed, yet",
2236,mede,o,"moon, month",time
2237,mediringi,part,day after tomorrow,time
2238,mehanga,,sponge,
2239,mehehe,o,goat,animal
2240,meki,,"magician, shaman",
2241,meki,,amulet,
2242,mela,ma,rotten *smell,
2243,meleu,,wild *chicken,
2244,melumu,,k o sea *polyp,
2245,memele,,bamboo *knife,
2246,meo,,cat,
2247,meta,,"aim, take *aim",
2248,mi-,PRO,1exc,
2249,mia,o,monkey,animal
2250,mibihi,ma,black,color
2251,midila,,bring *fire together,
2252,midiringi,part,day after tomorrow,time
2253,mikini,,k o *banana,
2254,mimiri,o,millipede,animal
2255,mirimi,,gall bladder,
2256,moana,,yawn,
2257,moayu,,Malay,
2258,modeke,,consent,
2259,mode-modeko,,fill completely,
2260,modoi,o,"snare, trap",hunting
2261,modongo,ho,"afraid, timid",
2262,moduku,,"brooding, certain",
2263,modukua,adv,perhaps,
2264,moha,o,"cotton, linen",
2265,moholehe,o,young *woman,people
2266,moho-mohoino,,dawn,
2267,moi,num,one,
2268,moi-moi,adv,all,
2269,moku,ho,carry on shoulder,
2270,moku-moku,o,waves,nautical
2271,moku-mokulu,,granular,
2272,mokuru,o,"areca palm, chew *areca, betel",food
2273,mologotu,o,ebony,plant
2274,moluo,,bore,
2275,molyoka,,"married woman, daughter in law",
2276,momame,,cookies,
2277,momo,o,grass,plant
2278,monaoko,NUM,twenty,NUM
2279,mongo,o,fathom,
2280,mongolyo,o,kind of fern (used to tie rim on habongo),plant
2281,mongoro,,"faint, unconscious",
2282,morene,,"rejoice, be *pleased",
2283,moributanga,NUM,sixty,
2284,morihiwo,NUM,ninety,
2285,moritoa,NUM,fifty,
2286,morituange,NUM,eighty,
2287,moritumidi,,seventy,
2288,moroini,,tame,
2289,moromu,,"match, fuse",
2290,moruange,NUM,thirty,
2291,moruata,NUM,forty,
2292,moruono,part,how many,
2293,moteke,ha,"follow, go after",
2294,motoa,NUM,five,
2295,motumu,i,lie face down,
2296,mou,ho,"to be *deaf and dumb, to be *silent",
2297,muhu,,destroy,
2298,muhuku,,"irresponsible, airhead, epilectic fit",
2299,muhungu,,season,
2300,muhutika,,pearl,
2301,mui,,pit,
2302,mulaha,,neap *tide,
2303,mumo,,tread on,
2304,mumuru,o,sea urchin,animal
2305,muna,PRO,"3f, she",
2306,muruakaka,,phlegm,
2307,murue,ho ma,to go with *empty hands,
2308,murumu,o,"star, phosphorescence (on the ocean)",nautical
2309,muruono,,,
2310,murutu,i,"grunt, buzz, drone",
2311,muta,,stupid,
2312,mutiti,,sweet,
2313,mutuade,,therefore,
2314,nabo,,wound,
2315,nafali,,"promise, agreement",
2316,naga,,"be *present, exist",
2317,naga,,dragon,
2318,nagara,,"cable, apable",
2319,nagimi,,debt,
2320,nahibi,,casava,
2321,nahiri,,shallow,
2322,nahiri,,COUNT (bamboo),
2323,naka,o,soursop,food
2324,nako,ha,"know, COND",
2325,nalo,,"rotten, worn",
2326,namo-daro,,pigeon,
2327,nana,,pus,
2328,nanalingi,o,k o tree whose bark is boiled and used in palm wine,
2329,nanamo,ho,hunt birds,hunting
2330,nanao,o,sleeping *mat,
2331,nanere,,dream,
2332,nao,,cover,
2333,nauoko,o,fish,fish
2334,nauru,ma,"man, male",
2335,nawoko,,,
2336,ne,,here,
2337,nena,DEM,"this, here",
2338,nenanga,DEM,here,
2339,ngaamaka,,old days,
2340,ngabau,o,k o thorny *liana,
2341,ngade,part,"nearly, almost",
2342,ngaere,o,"river, stream",
2343,ngago,,ant,
2344,ngagu,,profitable,
2345,ngahiri,,product,
2346,ngahoko,,nipple,
2347,ngai,,COUNT (fish),
2348,ngairi,o,stream,
2349,ngaku,,"believe, trust",
2350,ngale,,"reason, cause",
2351,ngale-ngale,,"youth, young man",
2352,ngali,,change,
2353,ngalo,,crossbeam,
2354,ngamo,ho,"quarrel, be *angry",
2355,nga-moi,,k o *banana,
2356,ngangangoro,o,k o edible *crab,animal
2357,ngangoro,ma,splendid,
2358,nganiki,,sauce,
2359,nganono,,"hope, trust, respect",
2360,ngarama,o,k o *eel,fish
2361,ngari-ngari,,"single, alone, only",
2362,ngaro,part,"yet, nevertheless",
2363,ngauku,nanga,ear,body part
2364,ngawatero,o,rainbow,
2365,ngawele,ho,trip,
2366,ngekomo,o,"road, path",
2367,ngengenga,o,k o *tree,plant
2368,ngi,,container,
2369,ngidu,o,small tree *lizard,animal
2370,ngidulu,o,small *parakeet,bird
2371,ngimoi,NUM,ten,num
2372,ngina-ngina,,"narrow, thin",
2373,ngiriki,,kernel,
2374,ngoere,o,sarong,
2375,ngogata,,section a fruit,
2376,ngogoro,,dry season,
2377,ngohabeloro,o,small sea *snake,animal
2378,ngohaka,o,"child, give *birth",
2379,ngoheka,o,"woman, female",
2380,ngohi,PRO,1,
2381,ngoho,,fetch s o,
2382,ngohokunu,o,k o *snake,animal
2383,ngoi,ma,"many (things), many (people)",
2384,ngoko,o,k o *banana,food
2385,ngoku,o,k o wood *pigeon,
2386,ngoluku,o,,
2387,ngolyowo,o,"scaffold, collarbone",body part
2388,ngomahoka,,drink entirely,
2389,ngomi,PRO,first-person plural exclusive independent pronoun,
2390,ngomoti,o,k o wood *pigeon,animal
2391,ngona,PRO,second-person singular independent pronoun,
2392,ngone,PRO,first-person plural inclusive independent pronoun,
2393,ngongaku,,"belief, trust",
2394,ngongohaka,o,k o *banana,plant
2395,ngoo,,separate,
2396,ngooto,,ocean,nautical
2397,ngorana,o,door,
2398,ngori,PRO,1,
2399,ngorumino,o,morning,time
2400,ngotera,o,tree *frog,animal
2401,ngotiri,o,"canoe, to *sail a canoe",nautical
2402,nguha-nguhama,i,"inedible, stale, mouldy",
2403,ngumi,o,"moustache, beard",
2404,ngunungu,nanga,nose,body part
2405,ngurato,nanga,vein,body part
2406,ngute,o,"stair, ladder",
2407,ngutuku,o,"root, root",plant
2408,ngututu,o,k o tree,plant
2409,nguuhumu,o,alang-alang *grass,plant
2410,ngware,o,grass ???,
2411,ni-,PRO,2p,
2412,niata,,"invoke spirits, wish, desire",
2413,nike,,,
2414,nikere,o,k o small *fish,fish
2415,niki,ha,"go after, follow",
2416,nipa-nipa,,by,
2417,niporo,,go aslant,
2418,niraka,o,"right, to be to the *right",
2419,nita,o,light,
2420,nitomo,,stick,
2421,nituhuhu,,shrew,
2422,no-,PRO,2S,
2423,noa,ho,"fill, put in",
2424,noara,o,k o fish,fish
2425,nobo,,swelling,
2426,noboho,,swelling,
2427,nonai,,bait,
2428,nongu,,charcoal,
2429,nouhu,o,k o *tree,plant
2430,nowi,ha,"cut off s t thin, peel",
2431,nuhu,,island (Jav),
2432,nyare,,reef,
2433,nyata,,"look at, inquire into",
2434,nyau,,fish,
2435,nyawa,o,"person, origin, to be accompanied by s o",
2436,nyawa-nyawa,o,"doll, painting (of a person), representation of a person",
2437,nyiara,,canary tree,
2438,nyimo,,fishline,
2439,nyoa,,"k o stomach *illness, k o *fish",
2440,nyonyau,,"search for fish, fishline",
2441,nyonyie,,east,
2442,o,NCL,noun marker,
2443,oa,,aunt,
2444,oaha,i,become *dry,
2445,oara,ha,run away,
2446,obi,,inflamed,
2447,obiri,,spittle,
2448,ode,,indeed,
2449,odiri,,"burning, hot, spicy",
2450,ofi,,flat,
2451,oga,,paralyzed,
2452,ogana,,coconut milk sauce,
2453,ogoro,,stopping of s t,
2454,oguru,,thigh,
2455,ohaka,,"cooked, done",
2456,ohana,ho,"approach, push",
2457,-ohi,vsf,repetitive aspectual suffix,
2458,ohiki,ha,"bathe, bathe oneself, take a *bath",
2459,ohu,,earthquake,
2460,ohumu,,cook,
2461,ohungu,o,wasp,animal
2462,oiki,,"go, set out",
2463,-oka,loc,at,
2464,okere,ho,drink,
2465,oko,,stand on end,
2466,-oko,DIR,seaward,dir
2467,okoko,nanga,"chin, lower *jaw",body part
2468,ole,,crotch,
2469,olete,,penetrate,
2470,olu,,overflow,
2471,oluku,ho,"not want, refuse s t",
2472,olyomo,ho,"eat, eat s t",
2473,omanga,,full,
2474,omu,i na,"jealous, jealousy",
2475,omuku,i,ripe,
2476,opuru,,spittle,
2477,ora,ha,rob,
2478,ora,nanga,daughter,kin
2479,orahi,o,hour,
2480,orangi,,serants,
2481,orehe,ho,"cry, whine",
2482,oriki,ho,"see, see with s t, able to see",
2483,oro,,become *cloudy,
2484,orumu,,come,
2485,orutu,i,fight (of dogs),
2486,otaka,,fall,
2487,otama,,leave,
2488,otili,,canoe (Tug),
2489,otini,,handle,
2490,oto,,cut,
2491,oto,o,"automobile, vehicle",
2492,owa,nanga,aunt,kin
2493,oworo,,sword,
2494,paakoro,i,slippery,
2495,paca,,"smear, brush",
2496,padaka,,short,
2497,padamara,o,lamp,
2498,padara,,indigestion,
2499,pado,,leprosy,
2500,padoha,i,"poisonous, poison",
2501,pagoto,o,"bad *smell, smelly, odiferous",
2502,paha,i,"after, following",
2503,pahagi,,corner,
2504,pahi,,shoal,
2505,pahitaka,o,funnel for filling sago mold,
2506,pahugo,,asthmatic,
2507,paka,ha,throw (a round object),
2508,pakata,,k o *canoe,
2509,pakisani,,uncivilized,
2510,pako,ma,"thick, coarse",
2511,pakoro,ha,cut,
2512,palado,o,coconut *rat,animal
2513,palaka,,edge,
2514,palele,,sell,
2515,pali,,rebel,
2516,pali,ha,roll up,
2517,palyanga,,"touch, feel",
2518,pamara,o,"knife, razor",
2519,pana,,shoot with bow,
2520,panata,,disordered,
2521,panawa,o,medicine,
2522,pancora,,"drain, funnel",
2523,panga,nanga,elbow,body part
2524,papa,,reef,nautical
2525,paraha,,pin s t,
2526,parahaja,,without *payment,
2527,parahi,nanga,beard,body part
2528,parati,,"share, portion",
2529,pariama,o,"Pleiades, year, rust",time
2530,parihi,,"sweep away, wipe off",
2531,parting,,wind up,
2532,paruru,,laxitive,
2533,patidoi,,chest,
2534,pawa,,chisel,
2535,paya,i,"intense, serious",
2536,payae,o,palm leaf *cup,
2537,payu,o,"umbrella, to use as an umbrella",
2538,pea,o,"skull, cranium, bald",
2539,peda,o,"sago, prepare *sago",
2540,peda-peda,o,arrowroot,
2541,pedeke,,frog,
2542,peduru,,k o *tree,
2543,pehaka,i na,become *wet,
2544,peki,,"make *dirty, defile, contaminate",
2545,pekoto,,cross legs,
2546,pelanga,,"bent, crooked",
2547,peleke,,stumble,
2548,pelelaka,,"lean, thin",
2549,peleoko,,"curved, not *straight",
2550,peneto,,"narrow, tight",
2551,penga,,"beat, pulse",
2552,penga-penga,,play *marbles,
2553,pepe,,"wrap up, enclose",
2554,pepe,nanga,uncle (mother's brother),kin
2555,perehu,,"shut, close",
2556,pereki,,old,
2557,peri,,score,
2558,peringana,,"scatter, disperse",
2559,peseke,ma,"dirt, dirty",
2560,piara,ha,raise,
2561,pida,,unfinished *handiwork,
2562,pidaha,,hole,
2563,pidili,,"release, let go",
2564,pidingi,,k o belt *clasp,
2565,pigu,,k o small *basket,
2566,piha-pihana,,use up entirely,
2567,pilangu,,contribute,
2568,pilatu,,"pinch, wedge in",
2569,pilipere,,struggle,
2570,piloko,,blind,
2571,pilopuru,,break,
2572,pim,,k o palm,
2573,pine,,rice,
2574,pineau,,k o *coconut,
2575,pinoa,,flower of aren *palm,
2576,pipi,,money,
2577,pipidoro,,k o magic *charm,
2578,pipiheni,,k o large black *beetle,
2579,pipiti,,"grub, caterpillar",
2580,pirini,,thick,
2581,pitata,i,spring (of a trap or snare),hunting
2582,pitoko,,"stamp, kick",
2583,pitu,,k o tree,
2584,pitua,,customs,
2585,poa,ha,"have *strength, be *able, flow over, run out",
2586,poaka,,cry,
2587,podo,,short,
2588,podoje,,"money *purse, pocket",
2589,poha,ho,hit,
2590,pohi-pohi,,k o *mangrove,
2591,pohuku,,deny persistently,
2592,pohuku,,"fill up, fill in",
2593,poka,,hit with hand,
2594,pokoamo,,sago trough,
2595,poko-poko,,k o banana,
2596,pokoro,nanga,"abdomen, groin, dysentery",body part
2597,pola,,roasted *sago,
2598,pole-pole,,fish eagle,
2599,polo,,"short, stump",
2600,poloto,,press between fingers,
2601,polu,,"crowd together, embrace",
2602,pongo,,deaf,
2603,pongono,,be *deaf,
2604,pono,,bewitch s o,
2605,ponu,,bend forward,
2606,pooko,,crack,
2607,pooteke,,"crack, split, burst",
2608,popa,,"infant, small *child",
2609,poparaka,,liana,
2610,populegana,,k o *snake,
2611,porete,,back,
2612,porohono,,"chilly, feverish, fearful",
2613,potati,,large edible land *crab,
2614,poteloti,,pencil,
2615,potoka,,"crack, burst",
2616,puda,,surface,
2617,puga,,limp,
2618,pugili,,"bent, broken",
2619,pugu-pugutu,,k o large black *ant,
2620,puha,,decay,
2621,puha,,"crease, fold, tangled",
2622,puhu,,cholera (?),
2623,pujanga,,groin,
2624,pujeje,,mushy,
2625,puka,,young wood *chicken,
2626,puka,,"knuckle, knob, hump, knot",
2627,pulo,,small *hill,
2628,pulono,ha,"watch, stare, look attentively, to be watched",
2629,pululu,i,,
2630,pung,,k o *pandanus,
2631,puniti,,coconut palm *bark,
2632,punuhu,ha,satiated,
2633,puonga,,bubble up,
2634,pupu,o,k o *bird,animal
2635,pupuung,,ankle,
2636,puro,,k o *tree,
2637,purutu,,"abraded, skinned",
2638,putuhu,,decide,
2639,puturungu,i na,"strong, powerful",
2640,raba-tigo,,k o *wood,
2641,rabu,,"winch, hoist the sail",
2642,rabutu,,stuck together,
2643,radako,,strip off s t,
2644,raga,,"withered, barren, dry, frightened, dumbfounded",
2645,ragoho,,scratch,
2646,ragumu,,k o *lizard,
2647,raha,,"feel, mean, think",
2648,rahai,,"beautiful, handsome, graceful",
2649,rahamati,,"blessing, fortune, properity",
2650,rahi,,"nearsighted, myopic",
2651,rahuku,,uproot,
2652,rai,,k o *mushroom,
2653,raki,,planting,
2654,rako,,attatch,
2655,rakutu,,liana,
2656,rama,,"swell, expand",
2657,rame,,"celebrate, feast",
2658,ramoho,,"press, squeeze, knead",
2659,rangi,,climb,
2660,rano,,"rub, anoint",
2661,rapa-rapa,,spices,
2662,rara,,stand apart,
2663,raratuhu,,k o *banana,
2664,rari,,spy,
2665,raro,,"go out of the way, thick *peels",
2666,rato,o,storm,nautical
2667,ratuhu,NUM,hundred,
2668,rau,,"half *ripe, breakers",
2669,rauku,,warm above fire,
2670,rawiti,,split bamboo *mat,
2671,redi,,"garden, cleaned, cleared",
2672,refe,,wings,
2673,regu,,divide,
2674,rehe,,split open,
2675,rehene,,remove,
2676,rehepehi,,guilder,
2677,rehuku,,"come *off, break off, come *undone",
2678,rekata,,"rend, destroy, tear, go away, take a *walk",
2679,reno,,gnaw,
2680,repa,,blistered,
2681,rete,,"floor, layer",
2682,riaka,nanga,older *sibling,kin
2683,ribi-ribi,,fever heat,
2684,riboko,,wake,
2685,ribuhu,,thousand,
2686,rica,,pepper,
2687,ridi,,"be *still, remain *silent, k o *tree",
2688,rihuku,,slow,
2689,rikana,,hearth *stone,
2690,rikimi,,"fit, abundant",
2691,rikitu,,straight,
2692,rimoi,,all,
2693,rinom,,cleaver,
2694,rio,,"footprint, impression",
2695,riri,,"bunch, stripe, scratch",
2696,ririmi,o,"rudder, steer, to use s t as a *rudder",nautical
2697,ritama,i na,to get *goose bumps,
2698,riwo,,"help, support",
2699,riwoto,o,rim on a habongo basket,weaving
2700,roanga,,howl,
2701,robo,,Wednesday,time
2702,roehe,ma,trunk,plant
2703,rohu,,"do *hastily, do *rashly",
2704,rokata,nanga,husband,kin
2705,roko,,file teeth,
2706,roma,,k o *tree,
2707,romanga,,name,
2708,rono,,purr,
2709,ronu,,fall together,
2710,roraange,,three month *rice,
2711,roraka,,k o *shrub,
2712,rorano,,balsam,
2713,rore,,k o *spirit,
2714,roree,,k o *canoe,
2715,roroai,,"established, agreed",
2716,roroto,,protruding,
2717,rorotu,,k o *mango,
2718,roru,,"pick, long",
2719,rorumu,,k o *wood,
2720,rotanga,,offer around,
2721,roti,,bread,
2722,ruae,,make *noise,
2723,ruara,,thickleaved,
2724,ruba,ho,"spill, knock over, trip",
2725,rube,,"stone *pot, earthen *vessel, pitcher",
2726,rubu,,stand close together,
2727,rucaka,,"wreck, destroy",
2728,ruci,,deceive,
2729,rudu,,thresh rice,
2730,rugi,,"damage, loss",
2731,ruhutu,,close,
2732,ruju,,rub s t,
2733,rujubi,,k o *lobster,fish
2734,rukiti,o,k o *tree,plant
2735,ruku,,"curved, hanging over",
2736,rumunu,,choke,
2737,ruruhu,,"noise, sound",
2738,rurutu,,standing close together,
2739,rutuku,,logjam,
2740,safa,,damer rosin,
2741,salipi,,sago leaf *mat,
2742,salumbe,ho,to *sing k o traditional song,
2743,sana,o,thousand,num
2744,sapato,o,shoe,
2745,sawaro,ha,smart,
2746,sehehe,o,,
2747,selo,ho,to *dance a k o dance,
2748,siridola,,k o stomach *illness,
2749,soika,ha,hold,
2750,sopaya,part,so that,
2751,suba-suba,o,walking leaf *insect,animal
2752,taaere,,"reprimand, scold",
2753,taaga,o,"lake, puddle",
2754,taahi,o,k o *jellyfish,animal
2755,taajiri,,accuse of adultery,
2756,taake,o,k o thick *rattan,plant
2757,taana,,endure,
2758,tabadiku,o,bamboo,plant
2759,tabaga,,copper,
2760,tabako,o,"cigarette, tobacco",
2761,tabauru,,fill,
2762,tabea,,excuse me,
2763,tabihahu,,orchid,
2764,tabu,,"dip, sop",
2765,tabule,,shellfish,
2766,tadaka,,"blunt, dull",
2767,tadauru,nanga,head *hair,body part
2768,tadi,,"thrust, own s t",
2769,taduku,o,"horn, antlers",body part
2770,tafi,,"filter, strain",
2771,taga,i,chest pain,
2772,tagaala,,k o flat *basket,
2773,tagahanga,,delay,
2774,tagaheka,o,k o *bird,animal
2775,tagailoriki,o,k o *kingfisher,animal
2776,tagali,,"change, exchange",
2777,tagapi,,explain s t mysterious,
2778,tage,,undermost part of *leaf,
2779,tagi,,"go, run",
2780,tagoko,ha,"catch, sieze, pick up",
2781,tahe,ho,crawl,
2782,tahube,o,canna,plant
2783,tahuku,ha,knot,
2784,tai,ha,carry (on the back),
2785,tai,ha,carry on back,
2786,taiana,ho,"deliberate, consider",
2787,taihe,ma,piglet,animal
2788,tailako,ho,"see, look at",
2789,taili,ho,attempt,
2790,taiti,ha,hurry,
2791,taka,,"break an engagement, creak",
2792,take,,"tap, bump",
2793,takehiri,,"appraise, estimate, suppose",
2794,takieuw,,k o *grass,
2795,takoro,ho,"knock, beat",
2796,takuru,o,k o *heron,animal
2797,talaaa,,scanty,
2798,talaga,o,lake,
2799,talama,,plate,
2800,talanga,,bulge out,
2801,taleana,,encourage,
2802,tali,o,seastar,animal
2803,talo,,old *egg,
2804,taloko,,blow,
2805,tama,,"wait, stuck in throat",
2806,tamamu,,ready,
2807,tamero,,sacrum,body part
2808,tami,,stuck in throat,
2809,tamo,o,rice *pot,
2810,tamoro,,"spy, peep",
2811,tampala,o,curse,magic
2812,tamunu,ho,cover,
2813,tana,ho,lock up (in a room),
2814,tana,ha,to bring an *offering,
2815,tanana,,unhelpful,
2816,tanawaka,,bad,
2817,tangi,,perch,
2818,tangono,i,lean,
2819,tani,,look for *lice,
2820,tanobane,,sail together,
2821,tanuma,,k o *bean,
2822,tapa,,"mend, patch, fish turtle",
2823,tapaki,,road,
2824,tapalyu,,"fall on, lay on",
2825,tape,,hole in tree,
2826,tapi-tapi,,sieve,
2827,tapu,,anchor,
2828,tararono,,"shine, shine upon",
2829,tarate,,waterlily,
2830,taratibi,,k o *banana,
2831,taratibi,,sit with crossed legs,
2832,tarima,,receive,
2833,tarimakasi,,thanks,
2834,taromo,,black,
2835,taru,,"adhere, stick",
2836,tarunu,,"notch, store",
2837,tarupa,o,"sandals, shoes",
2838,tata,,k o *basket,
2839,tatabuang,,k o *guitar,
2840,tatanaman,,crop,
2841,tataope,,"tadpole, ikan kes",
2842,tatapa,o,k o *basket (for rice sifting),
2843,tataruna,,k o *snake,
2844,tate,,"sieve, sift",
2845,tateke,,"crackle, crack",
2846,tatoko,ha,"cover, shelter, protect",
2847,tatu,,burn out,
2848,tau,o,house,
2849,taubutu,,bargain,
2850,tauge,,k o *earring,
2851,taugumi,,fish with weir,
2852,tauja,,sea cucumber,
2853,taulu,,"stick, paste",
2854,tauru,ha,pull,
2855,tawaga,,"listen, stare",
2856,tawanono,,admonish,
2857,tawari,,swallow tobacco,
2858,tawa-tawa,,k o *tree,
2859,tawi,,blink,
2860,tea-tea,,hop,
2861,teba,,"support, care for, raise",
2862,tebehuru,,cross,
2863,tebeturu,,lazy,
2864,tebini,i,"beautiful, clean, ",time
2865,tedema,,"chew, bite",
2866,tego,,sit,
2867,tegoro,,scold,
2868,teha,,"seat, bench",
2869,tehongo,,persist,
2870,tela,,floor *tile,
2871,telemi,o,"female *genitalia, clitoris",body part
2872,teli,,"curve, stretch a bow",
2873,temelo,,k o *pea,
2874,temo,ho,speak,
2875,tengehono,,"not stop, reproach, avenge",
2876,tengeluku,,"lie, deceit",
2877,tengo,,alone,
2878,teno,,roll up,
2879,teo,,"wring out, press",
2880,teongo,,juice,
2881,tepo,,time,
2882,teri,,run *aground,
2883,teri,,tar,
2884,tero,i,"equal, in *order, right, equivalent (to each other)",
2885,teru,ha,set s t down,
2886,teta,ha,"pour out, empty, dip in",
2887,tetapu,i,"certain, sure",
2888,teteke,i,drip,
2889,teteki,i,small,
2890,tetengo,o,toilet,
2891,teteta,i,rain,
2892,teto,o,hard *ground,
2893,tetoro,ha,"cut, carve",
2894,teturu,,crumble,
2895,teturu,,pick o ff,
2896,tewedanga,,open *space,
2897,tiai,i,"ready, even, correct, in *order",
2898,tiaka,,wrung out *sago pith,
2899,tiba,o,k o *bamboo,plant
2900,tibaangunu,,"untidy, disorder",
2901,tibako,,turn s t,
2902,tibi,,k o *basket,
2903,tiboko,ho,swim,
2904,tiburu,,truncate,
2905,tide,ha,"lift, raise, carry high, ",
2906,tide-tide,o,,
2907,tidingi,,"punch, hit with fist",
2908,tigi,,near,
2909,tigiranga,,"long and thin, lengthwise, straight",
2910,tigiri,,stain,
2911,tigono,,"juice, glue",
2912,tiha,,"throw down, fall",
2913,tihe,,echo,
2914,tihihiri,,"boom, load *roar, rumbling",
2915,tika,,"herd, flock, school, not *do",
2916,tikara,,mat,
2917,tike,,seek,
2918,tiki,,"prop up, support",
2919,tikilo,,k o *fish,
2920,tikiti,,"cough, chest *illness",
2921,tila,,push,
2922,tilabukuku,,kneel,
2923,tilakeru,,"cross, step *across",
2924,tilibu,,"pregnant, fertilized",
2925,tiliho,o,k o tree,plant
2926,tiliki,ma,penis,body part
2927,timi,,"under, lowest",
2928,timo,o,cucumber,food
2929,timono,ha,"old, leader, elder",
2930,timo-timono,ha,old (of many people),
2931,tinanga,,"bruised, swollen, overripe",
2932,tingaka,,seperate,
2933,tingi,o,k o *mangrove,
2934,tingi,ho,"tighten, tight",
2935,tingidu,,dry *leaves,
2936,tingkai,,"pranks, tricks",
2937,tinguku,,reward,
2938,tinirihi,,welt,
2939,tino,ha,weave,weaving
2940,tino,i,consume by *fire,
2941,tio,ha,"go by, pass by",
2942,tiodu,,"make *wet, sprinkle",
2943,tiohaka,,"wild, untamed",
2944,tioma,ho ma,turn back after a short time,
2945,tioniki,,cadge,
2946,tiopo,,sisters *husand,
2947,tio-tio,,k o black *ant,
2948,tipo,ha,knock o ff (fruit) with stick,
2949,tipoko,,short,
2950,tipopa,,steep,
2951,tita,,order,
2952,titi,,"cause, start, motive",
2953,titiki,,"k o *mango, koini",
2954,titipa,,gust,
2955,titoko,,turn aside,
2956,to-,PRO,1S,
2957,toa,,friend,
2958,toaka,ho,"hold out (hand), hand something over, give",
2959,toaka,ha,"tear, split, break o ff",
2960,toba,,pull,
2961,tobiki,,break,
2962,toboko,,"burn, burnt",
2963,tobongo,ha,wade,
2964,tobote,,think,
2965,toca,,candles,
2966,todoa,,"bisexual, hermaphrodite",
2967,todokana,i,"suddenly, to be *startled",
2968,todoku,o,"warp, weft",weaving
2969,todomo,,sharp,
2970,toduba,,"regret, remorse",
2971,tofo,,"nurse, feed",
2972,tofu,,mound,
2973,togo,,belch,
2974,togohanga,,"insane, crazy",
2975,togorona,,halfway,
2976,togowini,i,hard,
2977,togu,,,
2978,togumu,ho ma,rest,
2979,tohata,i na,"angry, evil, to be *angry about s t",
2980,tohi,,"from the *stem, cut a sprout",
2981,tohiki,,steal,
2982,tohora,,"third generation *ancestors, third generation *progeny",
2983,toi,,k o *cane,
2984,toimi,o,"speargun, to *shoot (a speargun)",hunting
2985,tokalo,,congeal,
2986,tokara,,"glow, flame",
2987,tokata,o,evil *spirit,
2988,tokemi,,full,
2989,toku,,step over,
2990,toli,,"think, suppose",
2991,tolo,,"tap, knock",
2992,tolo-liko,,bird *snare,hunting
2993,tolomu,,hat,
2994,tolyanga,,cut down,
2995,tolyomo,ha,"sharpen, sharp",
2996,toma,ha,kill,
2997,tomanga,,"awake, wake up",
2998,tomara,nanga,neck,body part
2999,tomate,o,tomato,plant
3000,tome-tome,,k o *tree,
3001,tomo,,go *against,
3002,tomole,,brave,
3003,tomono,,constipated,
3004,tomonu,,cover s t,
3005,tonaka,o,"earth, land, ground",
3006,tonga,,"small *baskets, cracked",
3007,tono,,hold *underwater,
3008,too,,navigate,nautical
3009,toolenge,,dry,
3010,toomu,ho,"gather together, gather s t",
3011,topaha,,"cut off, dig out",
3012,topi,,"plait, hat",
3013,topoko,,push,
3014,toporono,,"heap, pile up",
3015,tora,,"nervous, alarmed",
3016,toraha,,scorch,
3017,toraka,,"lift, carry",
3018,torari,,"attentive, attend",
3019,tore,,dry,
3020,tori,,"sprout, bud",
3021,toriha,,sit against,
3022,torimonoino,,"inundated by waves, washed by tide",nautical
3023,toro,,fighting attitude,
3024,toroa,nanga,male parents *inlaw,kin
3025,torobuku,o,k o *tree,plant
3026,torohowehe,o,k o *tree,plant
3027,torohuku,o,liana,plant
3028,toropaha,,fall,
3029,toropu,o,k o *liana,plant
3030,torou,i,"bad, ugly, worn out",
3031,toru,,cross the sea,nautical
3032,totaka,,bring,
3033,totaleo,o,bird (general term),animal
3034,totameri,o,k o *arrow,hunting
3035,totango,,"tent, cast",
3036,totara,,"come out, end up",
3037,totare,,nurse cautiously,
3038,totaulu,o,starfish,animal
3039,toteke,,"tap, caress",
3040,totimiono,,grunt,
3041,totiri,,carry in arms,
3042,toto,,nape,
3043,totoade,o,"story, tale, fable",
3044,totoai,o,k o *bird,bird
3045,totobeloho,ho,"to speak in the Tobelo language, to be able to speak Tobelo",
3046,totodingi,o,candlestick,
3047,totodore,ho,"to speak in the Tidore language, to be able to speak Tidore",
3048,totokia,,be *able,
3049,totolo,,tackle block,tool
3050,totomo,,"full, complete",
3051,totongono,o,k o *earthworm,insect
3052,tototeke,,knock,
3053,totuhuro,,reed,plant
3054,totukuna,,ruler,
3055,totumu,,bathe,
3056,towongi,ho,to walk along the *beach,
3057,towora,,harden,
3058,tua,o,k o *kerchief (worm in cakalele dance),
3059,tuada,o,jackfruit,food
3060,tuagi,,"pour, water, moisten",
3061,tuanga,,gentleman,
3062,tuari,,do *separately,
3063,tuba,,lance,
3064,tubalenge,,"tinker, fiddle with",
3065,tubele,,cockfight,
3066,tubeli,,cockfight,
3067,tubo,,"put on *high, aloft",
3068,tubolie,,"explode, toss up high",
3069,tubuho,i,heavy,
3070,tubuku,,top,
3071,tubuku,,"fall, jump, come *down",
3072,tubu-tubuku,,speckled,
3073,tuda,,"lead, tow",
3074,tudele,o,k o *fish,fish
3075,tudili,,pick,
3076,tuduku,ha,throw a spear,hunting
3077,tuga,,measure,
3078,tugala,,skin flakes,
3079,tugara,,nautilus shell,
3080,tugo,,surprize,
3081,tugutili,,wander in the forest,
3082,tugutiloka,,forest dweller,
3083,tuhange,NUM,eight,num
3084,tuhara,i,"boil, bubble",
3085,tuhere,,split,
3086,tuhu,,bang,
3087,tuhuku,ho,shoot,
3088,tui,o,k o *bamboo,plant
3089,tuieki,,spear,
3090,tujanga,,roof support,
3091,tukanga,,skillful,
3092,tuku,,"press, pinch",
3093,tukunu,,sago leaf *basin,
3094,tukuru,,"across, lay across",
3095,tulada,,"draw, paint",
3096,tulaka,,live *lewdly,
3097,tulaki-bara,,ballast,
3098,tulihi,,color,
3099,tulu,ho,"stop in, go in",
3100,tulung,ho,"help, rescue, help with s t",
3101,tuma,,push up with stick,
3102,tumara,o,k o *heron,animal
3103,tumidi,NUM,seven,
3104,tumule,,"clean, weed",
3105,tumungu,,"hold up, stop, arrest",
3106,tumunu,ho ma,dive,
3107,tumurahu,,"groggy, not yet *awake",
3108,tumutu,ho,point,
3109,tumutuku,,remain *small,
3110,tunata,,greedy,
3111,tungiri,ha,to *scale (fish),food
3112,tungutu,,"point out, indicate",
3113,tuono,,do *simultaneously,
3114,tupa,,box,
3115,tupa-tupa,,boxfish,
3116,tupe,,ape sound,
3117,tupukuru,,fold,
3118,turahi,,become *steep,
3119,turono,,fall down,
3120,turu,,follow,
3121,tururu,ho ma,move,
3122,turutang,,"clever, skilled",
3123,tutama,,can,
3124,tutuku,ho,"stamp, pound",
3125,tutukuna,,ruler,
3126,tutukunu,,walking *stick,
3127,tutumu,,spy on,
3128,tututu,,"drip, drop",
3129,tutuuhu,,heartbeat,
3130,tuubula,,k o *tree,
3131,tuuku,,"shape, fashion",
3132,tuuru,,k o *tree,
3133,tuwinihi,,constipate,
3134,-ua,vsf,negative aspectual suffix,
3135,uahi,,not yet,
3136,uba,,gunpowder,
3137,ubo,o,,
3138,uboro,o,red *parrot,animal
3139,Ubo-Ubo,o,name of kapung where Miti people took refuge from the war,
3140,ubo-ubo,o,hibiscus,plant
3141,ucaha,,bewitchment,
3142,udi,o,large *basket,
3143,udo-udomo,,"basin, cup",
3144,ugaka,o,sugarcane,food
3145,uge,o,vegetable (general term),food
3146,uha,part,"forbid, don't",
3147,uhaka,o,k o skin *disease,med
3148,uhanga,,bunch,
3149,uhele,o,k o *tree,plant
3150,uihi,,"leak, leaky",
3151,uiti,ha,bail,nautical
3152,ukere,i,"adjacent, close by, stand close to each other",
3153,uku,o,fire,
3154,uku,ha,burn st,
3155,uku,ho ma,burn oneself,
3156,ukumu,,"press close, pinch together",
3157,ukuru,ma,"plan, opinion, idea",
3158,ule,ho,"play, jest",
3159,ulingi,o,k o *kingfisher,bird
3160,ulini,,"umata, rollers, huge *waves",
3161,umati,ma,people,
3162,umeloa,o,k o *banana,food
3163,umo,ha,throw away,
3164,umuru,o,"lifetime, age",
3165,una,PRO,third-person singular masculine independent pronoun,
3166,unaha,o,fish *scales,fish
3167,upahi,,police officer,
3168,upeti,,taxation,
3169,uriti,ha,sew,
3170,uroto,o,"vein, tendon, muscle, sinew",body part
3171,uru,nanga,"mouth, beak, bill",body part
3172,uru,ho,cut off,
3173,uru jawa,o,k o *rattan,
3174,uti,ho,descend,
3175,utongo,,sago palm *leaf sheath,
3176,utu,,"head *hair, stem",body part
3177,utu,part,"little bit, other",
3178,utuku,ho,pick (rice),
3179,utumu,ho,"win, profit",
3180,ututlu,,little bit,
3181,uwini,,light,
3182,uworo,,handle,
3183,wabi,,"shrink, sink, flatten",
3184,wagihi,,limp,
3185,wagu,,swing,
3186,wahiohi,,not yet,
3187,waho,ho,know,
3188,wahu-wahu,o,k o *spider (daddy long-legs),animal
3189,wai,o,valley,
3190,waja,,steel,
3191,wakili,o,"substitute, deputy",
3192,wako,ho,rotate,
3193,wakomomu,o,k o fish *net,fishing
3194,wakuhu,ho,select,
3195,wakutu,ma,time,
3196,wale,o,mango tree,plant
3197,walimi,,push along,
3198,waloko,ho ma,naked,
3199,waloko,o,bamboo *joint,
3200,walye,o,"refuse, waste",
3201,wama,o,citrus (general term),food
3202,wange,o,"sun, day",
3203,wange-wange,o,k o *snake,animal
3204,wango,ho,"live, life",
3205,wangoro,ho,"shine, be *splendid",
3206,wapi,,scrotum,body part
3207,wapo,i,soaked,
3208,waranga,o,"realgar (?), venom, poison",
3209,warigi,o,fig tree,plant
3210,wariki,ma,"bowls, intestines",body part
3211,waru,ho,"sage, wise",
3212,wato (wa + ato),part,so that,
3213,wawawe,i,"swing, sway",
3214,wawi,ho,"not *enough, not *reach",
3215,wederi,i,"perish, digest, rot, smash",
3216,weka,o,fan *palm,plant
3217,wela,o,k o *opera,
3218,welanga,ma,fallen *unripe,
3219,weleke,o,cross (shape),
3220,wengaha,i,hollow,
3221,wera,o,wild *betel,plant
3222,were,ho,make *noise,
3223,wewa,i,"swing, walk with the arms swinging to and fro",
3224,wewe,o,k o *wood (used to make fire,plant
3225,wiki-wiki,,doodle,
3226,wilere,,come *loose,
3227,wiludu,,velvet,
3228,witomo,,lauch a canoe,
3229,woa,,loosen,
3230,woata,,broad,
3231,woe,COUNT,many,
3232,woere,ha,dry,
3233,wogono,o,raven,
3234,wohama,ho,"go in, enter, bring s t in",
3235,wohanga,ho,forget,
3236,wohono,,fast,
3237,woki-woki,,terong,
3238,wokuhu,o,magician,magic
3239,Wolada,,Holland,
3240,womaha,ho,"breathe, breath",
3241,womo,,"lap, suck",
3242,wongeme,,tribal *spirit,
3243,wora,,lower,
3244,woro,,"sink, clear, roomy",
3245,wota,nanga,uncle (parent's sister's husband),kin
3246,wotiti,,navel,body part
3247,woto,,press,
3248,wowa,,youngest *child,kin
3249,wowalada,,speak Dutch,
3250,wowomoko,,gargle,
3251,wuagi,,debt,
3252,wuhi,,comb,
3253,wuhi,o,turtle,animal
3254,wunehe,,calf muscle,body part
3255,wunenge,,vomit,
3256,wungama,o,k o *snail,animal
3257,wuni,,look at,
3258,wunu,,look at,
3259,wupu,o,k o *tree,plant
3260,wuro,,"waved, ribbed",
3261,wuru,,fibrous,
3262,wuuku,o,k o *bird,animal
3263,wuwu,i,blow,
3264,yaba,o,k o *bean,food
3265,yabo,ha,"wound, injure",
3266,yahana,,spear point,
3267,ya-,PRO,"3pS.3pO, 3pO",
3268,yaro,o,sailfish,
