2,abari,o,news,
3,abo,ma,"foam, the sea is covered with foam",
4,ade-ade,ho,"to narrate, conversation, story",
5,adono,ho,"come up to, reach, to arrive somewhere, pertaining to time, enough, sufficient",
6,aerani,ma,"wonderful, strange",
7,aere,i na,ant trails,
8,aere,o,high tide,nautical
9,aga,ho,"dumb, stupid, to ridicule s o",
10,agomo,ma,thick,
11,aha,part,future tense marker,
12,-ahi,vsf,durative-continuative aspectual suffix,
13,ahoko,ho,call,
14,ahuhu,o,"tree stump, tree stump",plant
15,ahumu,,whole,
16,ai-,npf,"third-person singular masculine possessive prefix, his",
17,aiki,ha,take away,
18,aili,o,centipede,insect
19,akaka,,tickling,
20,ake,ho,invite someone to dance cakalele by giving them the sawako,
21,ake-akeme,o,mosquito,insect
22,akeme,ma,flesh,body part
23,akere,o,"water, river, river mouth, spring, milk, headwater",
24,akiri,nanga,tongue,body part
25,akunu,,allowed,
26,alam,o,world,
27,ale-ale,o,ring,
28,alibiru,ho,"destroy, spoil, damage",
29,alimu,o,sage,
30,alipa,,carelessness,
31,alo,ma,cold,
32,alu,ma,breastbone,body part
33,alu,nanga,breast bone,body part
34,alua,o,sugarcake made from kanari nut and sugar syrup,
35,aluhu,,fine,
36,alyeme,,lick,
37,alyemi,,lick,
38,ama,,father,
39,ame,,"kiss, smell",
40,ami,PRO,"3fPOSS, her",
41,amo,,"each, every, any",
42,amoko,o,"large, big",
43,anca,o,bamboo mat,
44,ani,PRO,"2POSS, your",
45,aniaya,,injustice,
46,ao,ha,"carry, carry in s t, cary along, bring along",
47,ao,ha,"take, carry",
48,ao,ho,"care for, nurse",
49,aoto,o,"loose plank, sailors, passengers in a canoe",
50,apongi,ha,forgive,
51,apoto,ho,"do quickly, bring s t about quickly",
52,ara-ara,,spider,
53,arapoka,,Arab,
54,arara,,spider,
55,arehe,i,"to be white, tomorrow, morning",color
56,ari,ho,"cry, weep",
57,aruku,o,cave,
58,atera,,tease,
59,ato,,say,
60,atomo,,clothes lice,
61,auenu,,blood,body part
62,aulyoto,o,k o bamboo,plant
63,awana,o,"rain, to rain",
64,awunu,o,blood,body part
65,ayo,ma,mother,kin
66,baaeri,,sail,
67,baatuku,o,k o snare,hunting
68,babaka,,thrown,
69,babali,o,k o specially cooked rice,food
70,babalyanga,,handle,
71,babanga,o,mangrove,plant
72,babao,,widower,
73,babaraha,,"peg, pin",
74,babarihi,,paint,
75,babau,,"child, foster child",kin
76,babiti,,corrsion,
77,Baca,o,Bacan Islands,
78,bada,,makeup,
79,badaganga,,trade,
80,badangi,nanga,body,body part
81,bahaka,ma,end,
82,baharama,o,banyan tree,plant
83,bahi,,"danger, trouble",
84,bahuku,o,"axe, chop (with an axe)",
85,baikoleke,o,"seagull, wagtail bird",animal
86,baiti,o,"hole, grave, burrow",
87,baja,,persuade,
88,bajooka,,Baju,
89,baju,o,"jacket, shirt",
90,bajuli,,card game,
91,baka,,throw,
92,bakaha,o,salt fish,food
93,bakanuku,o,jellyfish,animal
94,bakau,,"wages, salary",
95,bake,,corpse,
96,bakoro,o,"cliff, slope",
97,baku-baku,,pitch,
98,bakulu,,"coroded, decayed",
99,balacu,,uncolored cotton,
100,balahadada,,long dress,
101,balahi,,revenge,
102,balajang,,"fee, payment",
103,bale,,"bed, bedstead",
104,bali,,turn,
105,baliha,,sad,
106,balitako,o,k o tree (grows along beach),plant
107,baliteta,,fluent,
108,balitorongo,,mouth-organ,
109,baluhu,ho,"answer, revenge",
110,balyaana,,flat,
111,balyanga,,"feel, handle",
112,banakono,,loot,
113,banga,,buried,
114,bangeheli,,flute,
115,bangi-bangi,o,"fence, to dam",
116,bangisa,o,race,
117,bangu,ho ma,pay,
118,bao,ma,widower,
119,bara,,overhang,
120,baradoha,,"sin, condemned",
121,baraguna,,useful,
122,barakati,,blessing,
123,barang,o,"goods, property",
124,barani,ho,courageous,
125,bare,o,famine,
126,barehala,,idol,
127,barene,ho,"climb, rise",
128,barihi,,work with guests,
129,barihi,,repelled,
130,barihi,ho,"sow, scatter, spread",
131,barija,,wise,
132,barikua,,certainly,
133,baro,,tree hibiscus,plant
134,baru,o,boat caulk,nautical
135,baruang,,beer,food
136,barukua,,even,
137,basitang,o,mangosteen,food
138,bata,ho,jump up,
139,bata-bata,i,"moldy, mold",
140,bataru,ho ma,"bet, wager",
141,batingi,ma,border,
142,bato-batoko,o,small star shaped shells,animal
143,batoko,o,k o root (used to stun fish),plant
144,batoko,o,"foot wound, foot barbs",
145,batungu,,"help, support",
146,batya,,read,
147,bau,ha,"borrow, loan",
148,bauhu,o,"ocean current, current swell",
149,baulatyo,,hunger,
150,bauru,,in,
151,bawa,o,"onion, garlic",
152,bayale,,awake,
153,bayeleki,,waterproof hardwood,plant
154,bayongo,,small bag,
155,be,,where,
156,bea,,import duties,
157,beba,,coral,
158,bebanga,,close,
159,bebanga,o,large black ant,animal
160,bebe,i,loose,
161,bebehongo,,deliver,
162,bebele,,track,
163,bebeloho,ma,stake,
164,bebeno,,wall,
165,bebeoto,,k o shell,
166,bedeng,,seedbed,
167,beebepa,,packing,
168,beha-behaka,ma,wet,
169,behi,o,iron,
170,bela,,pancreas,body part
171,bela-belaka,,split fine,
172,belaka,ha,split,
173,belehoko,,"trouble, sadness",
174,belelaka,,leanness,
175,belenga,,open,
176,beleoko,,crooked,
177,beleta,,pound sago,
178,beloho,,stake,
179,benarata,,shout,
180,beneto,,"narrow, straight",
181,benga,,wrist,
182,benga,,"knock, tap",
183,bengoto,,nasal,
184,beno,,"close, stop",
185,beoto,,tap palm wine,
186,bepa,,pack,
187,Berani,,tribal spirit,
188,bereanga,,spread wide,
189,bere-bere,,sickness,
190,berehi,,cleanse,
191,bereki,,old man,
192,berera,o,"village, town, Tobelo",
193,besi,,iron,
194,beta-beta,,small package,
195,betongo,,text,
196,beubabu,,"reason, therefore",
197,beuekeuno,,upper arm,
198,beureti,,"stop, rest",
199,beutikanga,,concave up,
200,biagaro,,oyster shell,
201,biaha,o,"custom, to be accustomed",
202,bianga,o,February (time when the Pleiades is at its zenith),time
203,bianga,o,k o small shellfish,animal
204,biara,ho ma,"raise, bring up",
205,biawa,o,k o plant,plant
206,bibikiri,,mop,
207,bibikiri,o,sieve,
208,bibilata,o,wart,
209,bidilon,o,k o crab,animal
210,bido-bidoho,o,k o small fish,fish
211,bidoho,o,betel,food
212,biha,o,"venom, poison",
213,bihi,o,"indigo, blue",plant
214,biji,o,weeds,
215,biki,o,leaf used for sails,plant
216,biki-hago,,earwig,
217,bikini,,tree,
218,bikini,,tail,
219,bilahu,,"smooth, shine",
220,bilamo,,phosphorescent centipede,
221,bilangu,,contribution to a feast,
222,bilaono,o,"great cost, supplies",
223,bilatu,,wood clamp,
224,bileure,,sago leaf decoration,
225,bilihu,,slice,
226,bima:wa,o,evening,time
227,binaha,,"wreck, ruin, spoil",
228,bingu,,confused,
229,biono,,"face, appearance",body part
230,biono,,front,
231,biono,nanga,"face, front",body part
232,bira,o,rice,food
233,birahi,,"glad, happy",
234,biranga,,sister,
235,birini,,frequqent,
236,biru,ma,green,
237,bitoanga,o,banana,food
238,bitoko,,stamp,
239,bitu-bitumu,,fasten rigid,
240,bitumu,,weed with strong roots,
241,bitumu,,"fast, firm, solid",
242,bityarya,,discussion,
243,biu,,"poultice, plaster",
244,biuhu,,mischief,
245,biuni,nanga,face,body part
246,biunu,,"before, front",
247,boa,,"arrive, come",
248,boauka,,call to,
249,bobaakouro,,slippery,
250,bobai,,"lover, suitor",
251,bobaiti,,"grave, groove",
252,bobaja,,temptation,
253,bobaku,,"illness, epidemic",
254,bobali,,coconut leaf sack,
255,bobane,,pier,
256,bobangu,,"payment, penance",
257,bobara,,k o large tasty fish,
258,bobareuha,,peg,
259,bobareune,,pier,
260,bobareune,,"canoe, vessel",
261,bobaso,o,k o traditional song,
262,bobatingi,,limit,
263,bobato,,chief,
264,bobeleuru,,"oar, paddle",nautical
265,bobeoto,,palm wine,
266,bobero,,"growing, raising",
267,bobeto,,taunt,
268,bobeuleoko,,curve,
269,bobeuleta,,sago pounding,
270,bobeulianga,,taxes,
271,bobeurehe,,cover,
272,bobeureki,,old ones,
273,bobeureki,,spirit rice,
274,bobilango,,porcelain plates,
275,bobilatu,,catch,
276,bobili,,shell bracelet,
277,bobita,,"command, prohibition",
278,bobo,,heel,
279,boboko,,bamboo lath,
280,bobolata,,bamboo filled with sago,
281,boboleha,,shell,
282,bobolen,,sandy,
283,bobolulunu,,round,
284,bobooca,,skin ulcer,
285,boboro,,"palm, lontarpalm",
286,bobotara,,head sore,
287,boboto,,finish,
288,bobugo,,property stakes,
289,boburuha,,shawl,
290,bobutanga,,any six,
291,bobuturungu,,strong,
292,bobututu,,pin,
293,boci,,groundnuts,
294,bodiga,,"disaster, misfortune",
295,bodiku,,"tie, binding",
296,bodito,,"misfortune, calamity",
297,bodo,,stupid,
298,boga-boga,,illness of legs,
299,bohara,,refuse a request,
300,boheume,,k o edible plant,
301,bohoko,o,pot,
302,bohono,,forbidden,
303,bohouko,,large ceramic pot,
304,bohouro,,discontented,
305,boka,ho ma,"wash (one's) clothes, wash clothes (for s o)",
306,boki,,princess,
307,boki,,cat,
308,boki-kokito,o,bird,animal
309,boko-boko,,sago baked in bamboo,
310,bokoto,,fist,
311,boku,,"hole, hollow",
312,bokumu,,pandanus mat material,
313,bola,,ball,
314,bole,o,"sandbar, shoal",nautical
315,bole,o,"banana, tired, exhausted, weak, green",food
316,bole-bole,ha,do slowly,
317,bolitorongo,,trumpet,
318,boloi,i,more,
319,boloworeuki,,plant,
320,bolutu,,sleep,
321,bongo-bongo,,cane,
322,bongono,,wooden hammer,
323,bongouno,,blunt,
324,bootu,,canoe plank,
325,bootuke,,"tear, crack in rock",
326,bopoura,,bangs,
327,boraka,,lucky,
328,borengo,,rope,
329,bori,,climbing plant,
330,bori,,both,
331,boriri,,"parrot, lorry",
332,boro,,fine repair of nets,
333,boro,,flower bud,
334,boroho,,"ulcer, boil",
335,boroho,,"slice, cut",
336,borohono,,fear,
337,borokata,ma,vow not to eat a certain food (usually the favorite food of a relative who has died,
338,boronga,,superficial tear,
339,borotoka,o,plum,food
340,borowotiti,ho,hide in sarong fold,
341,boru,o,drill,
342,borua,o,"box, case",
343,bota,ma,"clothing, wrapper, sock",
344,bote,PART,"sure, certainly",
345,boteani,,presently,
346,boteme,o,k o grain,food
347,botino,PART,"then, further, next",
348,boto,i,"past, done, completed, finished, I have done it",
349,boto-boto,o,k o grasshopper,animal
350,botue,ma,net to land fish,fishing
351,bou-lamo,o,civet cat,animal
352,bounu,ma,"smell, scent, stench",
353,buapong,o,k o millet,food
354,bubu,ha,to turn wood (by hand but as if on a lathe),
355,bubu,o,k o fish,fish
356,bubukunu,o,purchase price,
357,bubuutu,,"spike, bar",
358,budi,ho,"mislead, decieve, deception",
359,budi,o,"art, wisdom",
360,bugo,,"swelling, festering",
361,bugo,,mark o f ownership,
362,buhanga,,"span, linear measure",
363,buhengi,,"lazy, idle",
364,buho,,pandanus tree,
365,buho-buho,,lying in heaps,
366,buhuhu,,give birth,
367,buhuku,,"inlay, take away, align",
368,buku,,partially full,
369,buku,,knee,
370,bukuku,,kneel,
371,bukunu,ho ma,sell,
372,bula,,multiple,
373,bulana,,fish,
374,buli-buliruku,,"wobbly, displeasing",
375,bulu,,belt,
376,bululawa,,clove,
377,bululu,,short,
378,bululu,,round,
379,buluteute,,stripe,
380,bunga,,interest money,
381,buoto,,"bite, mouthfull",
382,bureure,,"fat, obese, thick",
383,buruhu,,"wet, soaking wet",
384,buruutu,,peel skin,
385,buta,,strand of aren fiber,
386,butanga,,six,
387,buteteke,,white ant,
388,butu,,market,
389,buturungu,,strong,
390,butuueuhe,,"brackish, salty",
391,butuutu,,pin up,
392,buure!,,shout,
393,buwe-buw,,"cradle, swing",
394,caana,,thousand,
395,cacaki,,chalk pot,
396,cade,,joke,
397,cafala,,do quickly,
398,cafaruni,,"filth, disorder, impurity, immoral",
399,cahaya,,beauty potion,
400,cakaiba,,mask,
401,cako,,"k o fishing technique, strike, twist, evil",
402,canga-canga,,"priacy, murder, plunder",
403,capaka,,k o plumeria,
404,capati,,clever,
405,capeo,,hat,
406,capu,,stamp,
407,cara,,"way, manner",
408,caragapi,,shroud,
409,carita,,"tell, announce",
410,carokia,,how,
411,cati,,paint,
412,cawali,,only,
413,cawaro,,clever,
414,cege-cege,,do fast in unison,
415,celaka,,"misfortune, catastrophe",
416,cere,,"divide, divorce, tea kettle",
417,cereni,,mister,
418,cicimi,,"rattan, small twig",
419,cigiafa,,trigger,
420,cikahoua,,weak,
421,cinga-cinga,,k o plant,
422,cingari,,"scanty, poor",
423,cirako,,strike,
424,ciu-ciu,o,k o bird,animal
425,ciung,,k o owl,
426,co,,hold tight,
427,cobo,,depart,
428,cobo-cobo,,"continual, constant",
429,cocatu,,gift,
430,cocawaro,,wise,
431,cocoo,,handle,
432,cocore,,"chatter, drivel",
433,cocoro,,funnel,
434,colo,,dye,
435,comoko,,closed,
436,coporoki,,"twisted, deformed",
437,copu,,"spray, squirt",
438,cuali,,slower,
439,cuci-kode,,hairpins,
440,cucukunu,,tickle,
441,cucupu,,small porcelain vase,
442,cuga-cuga,,lame,
443,cugulu,,speak in riddles,
444,cuka,,vinegar,
445,cuka-cuka,,sour,
446,cuki,,sleep,
447,cuku-cuku,,"tickle, itch",
448,cumu-cumu,,riddle,
449,dabo-dabo,,fish dish,
450,daboho,,grained,
451,dada,,rice cake,
452,dadaboa,,k o small fish,
453,dadahongo,,spear,
454,dadaka,,liana,
455,dadaka,,banana,
456,dadakuru,,catcher,
457,dadalyoko,,fan,
458,dadami,,fire grill,
459,dadamonu,,cover,
460,dadana,,feast food,
461,dadapa,,patched,
462,dadarono,,"swelling, festering",
463,dadatoko,o,"cover, shield",
464,dadayoko,,fan,
465,dadi,,"become, succeed",
466,dadu,i,lay against,
467,dae,,weapon,
468,daena,DEM,"directional demonstrative, ""that downward""",dir
469,daeune,,"meet, conclude",
470,dafa,,slave captured in war,
471,dafi-dafi,,triangular bamboo sieve,
472,dafongo,,catch,
473,dagali,,substitute,
474,dagamono,,catch,
475,daganga,,merchant stranger,
476,dagapi,,explanation,
477,dagarihi,,cry intensely,
478,dagi,,run able to,
479,dagi-dagi,,run,
480,dago-dago,,run to meet,
481,dahabaka,,hit by accident,
482,dahango,,"spread, grow",
483,dahao,PART,before,
484,dahe,,crawl,
485,dahi,,"extend hand, handshake",
486,daho,,name of mans sisters child,
487,dahongo,,catch,
488,dahu,,name of wifes husbands sister,
489,dahuku,,calendar of rope knots,
490,dai,LOC,"directional adverb, ""on the sea"", on the sea, seawards, landwards",
491,dai-dai,,carry on the back,
492,dailako,ho ma,look at,
493,dailangi,,morning twilight,time
494,daji,,"bamboo money container, bamboo fishing float",tool
495,daka,,honey,food
496,dake,,seperate fighters,
497,dake,,"above, up here",
498,dakena,DEM,"directional demonstrative, ""that upward""",dir
499,dakolo,,bargain,
500,daku,LOC,above,
501,dakuru,,catch a liquid,
502,dalima,,pomegranate tree,
503,daluku,,palm wine,
504,dama,,wait for,
505,damela,,stink,
506,damonu,,cover,
507,damouro,,watch,
508,damouro,,"approach, come close",
509,damunu,o,drum,
510,dana,,"gentle, tame",
511,danana,,helpfulness,
512,danawaka,,bad,
513,danena,DEM,"directional demonstrative, ""that seaward""",
514,dangade,,quick action,
515,danganga,,rice destroying insect,insect
516,dangi,,sit,
517,dangutu,,hatred,
518,danongo,nanga,grandchild,kin
519,dapa,,tell,
520,dapalyu,,depressed,
521,daparaha,,pin on,
522,dapariono,,lap,
523,daramouho,,squeeze,
524,dararono,,glimmer,
525,dari,,name of womans brothers children,
526,daro-daromo,ma,very black,color
527,daromo,ma,black,color
528,darunu,,seperate,
529,darunu,,property stake,
530,datauru,,pull closed,
531,dateuke,,beside,
532,datomo,ha,to plant,
533,datoro,o,conflict,
534,dau,LOC,below,
535,dawaga,,close,
536,dawara,,order in housekeeping,
537,de,,"and, with, then",
538,debini,,coconut oil,
539,debini,,pure,
540,deda,,fish,
541,dede,,with,
542,dedeta,o,"sieve, to sift with a sieve",
543,dedetoro,o,"mouse, rat",animal
544,dedouro,o,k o tree,plant
545,dego,,set,
546,deheuro,,"twine, climb",
547,dekano,,long duration,time
548,dekaura,,"top, point",
549,demo,ho ma,"Tobelorese, the Tobelo language",
550,demo-demo,,headhunters,
551,demoko,,mushrooms,plant
552,dengi,,fine rattan,plant
553,dengo,,"joint, articulation",
554,deo,,squeeze,
555,deri,,large pandanus sack,
556,derihi,o,palm leaf cup,
557,dero,,time of,
558,dero,,rightly,
559,deta,,pour,
560,detouro,,in,
561,detu,,make fire,
562,deubeho,,"narrow, tight",
563,deubeturu,,lazy,
564,deudela,,bowstring,
565,deudeli,,tendon,
566,deukekeure,,"grate, groin",
567,deuremi,,second year rice field,
568,deurero,,dry,
569,dewili,,"fiber, thread",
570,dia,o,"knife, cleaver",
571,diagi,,bamboo pot,
572,diai,ho,make,
573,diangi,,"live, stay, sojourn",
574,diauo,,"mate, fellow, companion",
575,diba,o,palm,plant
576,dibitumu,,press,
577,dibo-diboko,,swim,
578,diburu,,sprout,
579,dide,,"hang, carry",
580,didide,,cradle,
581,didipo,,stick used to pick fruit,
582,didomo,,heal,
583,didumu,,"cover, deny",
584,difu,ho,to round Cape Djere,nautical
585,digi-digi,,close by,
586,digiranga,,longitudinal,
587,dihanga,,"firmament, heaven",
588,dihidete,,sail,nautical
589,dihihiri,,drone,
590,dihini,,dozen chickens,
591,dihira,,front piece,
592,dihiwara,,shine upon,
593,dihongo,,"happiness, prosperity, profit",
594,dika,PART,just,
595,diki,,support,
596,diki-diki,,walking stick,
597,dikiti,,cough,
598,dilago,,fruit,
599,dilibu,,fruit,
600,dilibu,,"fruit, fetus",
601,diliki,,male genetalia,
602,dilikini,,spirits of the dead,
603,dilikitu,,divorced wife,
604,dimoaka,,remainder,
605,dimo-dimono,o,the oldest,
606,dina,LOC,on the land,
607,dinena,DEM,that landward,
608,dineunguku,,seawards,
609,dingi,,tight,
610,dingi-dingi,,song game,
611,dino,,loom,
612,dino,,burned,
613,dino,,loom,
614,diodaka,,crawl under,
615,dioha,,house,
616,diopo,,brothers wife,
617,diopo,,wives of brothers,
618,dipidili,,release,
619,dipo,,knock o ff fruit,
620,dipongo,,banana,
621,dipopa,,steep ending,
622,ditifa,,fall on,
623,ditoko,,set aside,
624,ditoko,,deviate,
625,doa,ho ma,"climb, ascend, I climbed the coconut palm in order to get some coconuts",
626,doaaura,,surprise,
627,doabutu,,purchase price,
628,doa-doana,,call names,
629,doaka,ma,ransom,
630,doana,,call names,
631,dobalyaana,,flat depressed,
632,dobi-dobiki,ma,a little bit,
633,dobiki,ho,break o ff,
634,dobongo,ho ma,wade,
635,doda,,anchor,
636,dodadi,,"creature, origin",
637,dodaga,,canoe plank,
638,dodagi,ma,"journey, passage",
639,dodai,,"plates, dishes",
640,dodakouro,,knocker,
641,dodama,,prolonged wait,
642,dodanu,,colateral,
643,dodara,,"love, affection",
644,dodato,,fear,
645,dode,,shrimp,
646,dodego,,"press, sugar press",
647,dodemo,,spoken,
648,dodengi,,file,
649,dodeuke,,fish,
650,dodeureboko,,red,
651,dodiai,,"right, good",
652,dodiawo,nanga,friend,
653,dodiba,nanga,head hair,body part
654,dodigiranga,,long wide mat,
655,dodigiranga,,long thin object,
656,dodiha,,snake,
657,dodilakeuru,,vessel,
658,dodilibu,,sayur liling,
659,dodilibu,,vegetable,
660,dodinguku,,reward,
661,dodipoko,,short,
662,dodo,o,sweet rice cakes,food
663,dodoa,i na,"matter, happen, what's the matter?, it doesn't matter, what do you want?",
664,dodoaha,Q,why,
665,dodoana,,call names,
666,dododoto,o,youngest child,kin
667,dodogumu,ma,rest,
668,dodoku,o,bridge,
669,dodoma,o,k o shark,animal
670,dodomi,,placenta,body part
671,dodomo,,"point, peak",
672,dodomo,,"point, pinacle",
673,dodongu,,mark,
674,dodoole,,roasted sago balls,
675,dodopoko,,spear,
676,dodoporono,,pile,
677,dodoporono,,pile,
678,dodora,,"weep for, lament",
679,dodoto,nanga,younger same-sex sibling,kin
680,dodotoko,,instruction,
681,dodouno,,"clear, transparent",
682,dodowi,,forearm,
683,dodowiti,,carrying stick,
684,dodubena,,soft,
685,dodubuho,,weight,
686,dodubuho,,burdening,
687,doduga,,dry measure,
688,dodukuru,,crossbeam,
689,dodulali,,stay in one spot,
690,dodulihi,,pencil,
691,dodumu,,bath water,
692,dodumule,,pull out weeds,
693,dodupukuru,,wide mat,
694,dodutuku,,"anvil, stamper",
695,dofai,,lime,
696,dofo,,"feed, foster",
697,dogilianga,,"unfurl, unroll",
698,dogo,,"throw in, fill up",
699,dogohanga,,insanity,
700,dogowini,,hard,
701,dogu,,hold up,
702,dogumu,,hold up,
703,doha-dohangau,,desire,
704,dohai,,lime,
705,dohangau,,fasten,
706,doharabaka,,splash,
707,dohata,,angry,
708,doheuwelanga,,whirl in,
709,dohi,,pick,
710,dohiki,,steal,
711,dohoho,,fly,
712,dohotana,,release,
713,dohu-dohuku,,stammer,
714,dohuku,,"go, backwards",
715,dohutu,,darkness,
716,doi,,banana,
717,doi-doimi,,archery,
718,doimi,ho ma,shoot (with bow),hunting
719,doio,o,crayfish,animal
720,dojo,,pass by,
721,doka,,stoke fire,
722,doka,LOC,there,
723,doka-dokara,ma,red,color
724,dokeute,,forehead,
725,dokeute,,crack,
726,doko,ha,"step on, step in",tool
727,dokoto,o,wild coconut palm,plant
728,dola-bololo,,incantation,
729,dolya,,contents,
730,dolyomo,,point,
731,doma,,"dead, homicide",
732,domi,,coconut spike,
733,domigu,,week,
734,domoata,o,"haze, mist",
735,domoro,,first fruit,
736,domoteke,ha,"agree, agree with me",
737,domoteuke,,splint,
738,domuraga,,"premature, eager, hurried, rash",
739,done,PART,then,
740,donga-donga,,joints,
741,dongono,,month,
742,doohi,o,k o fish,fish
743,doolenge,ma,"dry, not fresh",
744,doouku,,"faded, withered",
745,dopa-dopa,,singing game,
746,dopo-dopo,,portion of sago,
747,dopo-dopo,,dagger,
748,dopoko,,stitch,
749,dopotoka,,struck using spring action,
750,dora,ha,"have compassion, have pity",
751,dorari,,"attend feasts, privates",
752,dori,,sprout,
753,doriha,,put against,
754,doriki,,basketwork,
755,doro,,"strait, passage",
756,doroa,,son in law,kin
757,dorou,,"bad, ugly",
758,dorure,,threshold,
759,doruru,,porch,
760,dotaka,,bring,
761,dotaka,,bring,
762,dotama,,drumsticks,
763,dotama,,drumsticks,
764,dotara,,come out,
765,doteri,,doctor,
766,doteuke,,tap,
767,doteuri,,doctor,
768,doti,,bewitch,
769,doti,,bewitch,
770,dotiliara,,cut away,
771,doto,ma,"sharp, cape, point",nautical
772,doto-doto,,sharp,
773,dotogoreuhe,,intense crying,
774,dotoko,ho ma,"learn, teach",
775,dotoreke,o,gecko,animal
776,dotoreke,o,thunder,
777,dotowara,,hardened,
778,dotumo,,throw,
779,dotumu,,fourth generation grandparents,kin
780,dowiti,,carry with sticks,
781,dowongi,o,"beach, sand",nautical
782,dowora,o,ironwood,plant
783,dua-dua,,bellows,
784,dubaba,,pour,
785,dubara,,adversity,
786,dubo,,put up high,
787,dubuho,,heavy,
788,dudu,ma,"cigarette, to smoke (tobacco)",
789,dudubo,,put s t up high,
790,duduga,,measure,
791,duduheure,,final decision,
792,duduku,,"resentment, unpleasantness, apathy",
793,dudumunu,,west,
794,dudumutu,ma,index finger,body part
795,dudungono,,dainty,
796,dudungu,,lumbar pain,
797,dudungu,,dry,
798,dudungutu,,direction,
799,dudungutu,,direction,
800,dudunu,,June,
801,duduono,,crowd of people,
802,dudutu,,grayhaired,
803,dudutu,,"drop, drip",
804,dudutu,,pick lice from hair,
805,duduuru,,lazy,
806,dudyu,,fill,
807,duga,,size,
808,duga,,measure,
809,duga-duga,,"only, except",
810,duhu,,chase away,
811,duhuhu,,baby,
812,duhuhuru,,"hunt, flush",
813,duhuku,ho,shoot,
814,duhunu,,"help, assist",
815,duka-duka,,sitting melancholy,
816,dukama,,"melancholy, sad",
817,dukono,,volcano,
818,duku,,stand with arms down,
819,duku,,press,
820,dukunu,,coconut,
821,dukuru,,coconut,
822,dukuru,,lay across,
823,dukuru,,"assist, answer for",
824,dulada,,image,
825,dulaka,,prostitution,
826,dulaka,,"lewd, prostitute",
827,dulali,,unfair taunting,
828,dulihi,,color,
829,dulu,,arrive,
830,dululu,,roll against,
831,dulumutu,,waste,
832,duma,,push,
833,duma-duma,,push on,
834,dumamata,,evening land breeze,
835,dumeda,,"competent, quick",
836,dumu,,plant rice,
837,dumu-bole,,soft food,
838,dumule,o,garden,
839,dumunitara,,"dew, rain",
840,dumunu,,west,
841,dumunu,,dive,
842,dumutu,,"index, finger",
843,dumutu,,forefinger,
844,dunata,,"greed, gluttony",
845,dungiri,ma,"scale, fish scale, k o freshwater fish, k o plant, to scale",fish
846,dungouno,ho,"prefer, refuse s t",
847,dungu-dungutu,,run to meet,
848,dungutu,nanga,intention,
849,dunia,ho,talk of marriage arrangements,
850,dunia,o,world,
851,duono,,crowd of people,
852,dupuda,,breakout in a rash,
853,dupuri,,infertile ground,
854,durahi,,steepness,
855,durahi,ma,bluff,
856,dure,PART,very,
857,duru,ADV,very,
858,duru,ma,"after, behind",
859,dururu,ma,replacement,
860,dutu,ma,property owner,
861,dutu-dutuku,,drive on,
862,dutungutu,,awl,
863,duuuku,,"shape, form",
864,duuuku,,mourn,
865,duuuru,,miserly,
866,ebe,o,"file, rasp, fish fin",
867,edeukati,,"sense, inclination, plan",
868,ee,,grandmother,
869,ehato,,"push, press on",
870,ehe,ho,"rub, scour, rub off s t",
871,eh!,,well,
872,eka,,betel,
873,eke,,fine mats,
874,ekere,ha,winnow rice,
875,eki,,tobacco plug,
876,eko,PART,or,
877,ekoro,,tortise shell comb,
878,ele,,"let loose, slip",
879,ele,nanga,grandmother,kin
880,elu-eluku,,lie continuously,
881,eluku,,lie,
882,elye,,grandmother,
883,emouno,,"dirty, revolting",
884,enangohi,ma,still more,
885,enga-engayo,,not fresh,
886,engini,o,enemy,
887,eni,,"this, these",
888,eri,,brother in law,
889,ete,nanga,grandfather,kin
890,eteki,ma,"small (of things), small (of people)",
891,etongo,ho,"count, calculate",
892,faaumu,,female servant,
893,fafara,,shiver,
894,fafaru,,streams,
895,fafati,,"reason, excuse",
896,fafo,,"stack, pile",
897,faida,,"profit, happiness, advantage",
898,faiti,,dig up,
899,faja,,"greasy, dirty, messy",
900,faka,,peel,
901,fakati,,"agreement, consideration",
902,fakiri,,fictional woman,
903,fala,,house,
904,falola,,answer,
905,fangi,,"turn, avert, stop",
906,fangu,,"pay, compensate, satisfy",
907,fangunu,,"pay, compensate",
908,farade,,put in mouth,
909,fara-fara,,"all, one by one",
910,fara-fara,,"classify, divide",
911,fareune,,step in,
912,fasali,,"chapter, division, portion",
913,fatu-fatu,,hoe,
914,fau,,widow,
915,fauru,,handle,
916,fekata,,spouse,
917,fenes,o,bugis sailing canoe,
918,feno,,"help, assist",
919,feoleouru,,turn over,
920,feoto,,tap palm wine,
921,fero,,"grow fast, shoot up",
922,feulenga,,open,
923,feuleta,,sago rattle,
924,feune,,tortise,
925,fideuro,,friction,
926,fidili,,let loose,
927,fififi,,suck,
928,filidouro,o,small bird,animal
929,fini,,seed,
930,firanga,,sister,
931,firikiti,,distort,
932,firu-firu,o,night bird,animal
933,fisa,,loincloth,
934,fita,,"tie, ribbon",
935,fitako,,tree,
936,fitana,,"badness, iniquity, untruthfulness",
937,fofan,,soap tree,
938,fofo,o,bird,animal
939,fofongo,,shade,
940,foka,,wash out,
941,fokoto,,fist,
942,fokumu,,pour out,
943,foloi,,more,
944,folori,,"prescious stone, costly wood",
945,fongana,,woods,
946,fufu,,blow,
947,fufuta,,tangled,
948,fukunu,,sell,
949,fuluiti,o,flute,
950,fuma,,"stupid, foolish",
951,fuo,,heart,
952,furu,,gland,
953,futa,,tangled,
954,futu,,night,
955,futurungu,,strength,
956,gaacomo,,coarse,
957,gaafufu,ma,bird armpit,body part
958,gaagoumo,,"lump, clod",
959,gaahu,,vegetable,
960,gaauta,,ankle bands,
961,gaawiti,o,k o spear (with a barbed point),hunting
962,gabi,o,jasmine,plant
963,gadaku,,on top of,
964,gadina,,there landwards,
965,gadingi,,"wooden knee, strut",
966,gagahu,,"yield, harvest",
967,gagakauna,,make fun of,
968,gagaku,,torch,
969,gagali,,wash off blood ceremony,
970,gagao,,"care, nurse",
971,gagara,,rib,
972,gagau,,"tool, work, labor",
973,gagawang,,"bewildered, desperate",
974,gagawi,,swallow,
975,gahata,,bamboo sheath,
976,gahauku,,"sweat, perspiration",
977,gahe,,time,
978,gahea,,bamboo frame to smoke herring,
979,gahi,o,"sea, seawater",nautical
980,gahoko,,"ask, request",
981,gahuhu,ma,wing,body part
982,gahumu,,"solid, not damaged",
983,gaibiti,o,hummingbird,birds
984,gai-hahaluta,,"jump on one leg, hopscotch",
985,gaili,,maggots,
986,gakaka,,palate of mouth,body part
987,gakana,o,knife,
988,gakunu,,"rich, influential, distinguished",
989,gala-gala,,"putty, grease",
990,galala,,noise,
991,galaufea,,bamboo frame to smoke herring,
992,gale,,"coil, ring",
993,galeri,,look askance,
994,gali,,repeat,
995,galiaha,,spice plant,
996,galigouno,,festering wound,
997,galipi,,"right, common law",
998,galu,,"follower, diciple, imitator",
999,galuga,,k o plant with red beans,
1000,galula,,a skin disease,
1001,galyoko,,"bark skirt, sarong",
1002,galyoko,,large tree,
1003,gamamu,,"gloomy, cloudy",
1004,gane,,fine rice,
1005,gani,,"intoxicated, sick",
1006,gani,o,lice,animal
1007,gani-gani,,intoxicating,
1008,ganu,,mix,
1009,gaoto,,bitten off piece,
1010,garade,,"cut out, carved",
1011,gara-gara,,"whim, caprice",
1012,garago,,"rejoice, joyful",
1013,garaha,,rustling,
1014,garanga,,"rattling, ringing",
1015,garara,nanga,"finger, index finger, little finger, thumb",body part
1016,gararama,,plant louse,
1017,garau,,nibble,
1018,garaugaji,,saw,
1019,gare,,barb,
1020,gare-garehe,ma,white,color
1021,gareufo,,fork,
1022,gareugaliti,,bottle,
1023,gareu-gareuhe,,white,
1024,gari,,"cry, weep",
1025,gari-garihi,,matches,
1026,garo,,"goad, incite",
1027,gate,,liver,
1028,gate-gate,,marbles,
1029,gau,,cigarette paper,
1030,gaueuno,,buttocks,
1031,gau-gau,,"work, trade",
1032,gauku,,vegetable,
1033,gawa,i,"troubled, cloudy, turbid, turbid water",
1034,gawaha,,durable wood,
1035,gawaya,,wild fruit tree,
1036,gawewe,,fifth generation ancestor,
1037,gawi,,"wave, becon",
1038,gege,,"sliver, small piece",
1039,gegegele,o,small bird of prey,animal
1040,gegouto,,"worry, nag, annoy",
1041,geha-kira-kira,,ignore,
1042,gehanga,,"yawn, gape",
1043,gehe,,"sand, rub off",
1044,gehuku,,liana,
1045,gehulahi,,glass,
1046,gele-gele,,"quarrel, tease, badger",
1047,gelewoutu,,wipe butt,
1048,gena,,"those, that",
1049,gena,DEM,"that, there",
1050,genanga,,"those, that",
1051,gendi,,ceramic bottle,
1052,gengika,,there,
1053,gengilye,,there above,
1054,gengino,,from there to here,
1055,genginohi,,from then on,
1056,gengoka,,there,
1057,genguku,,there below,
1058,geri,,brother in law,kin
1059,geri-doroua,,mans inlaws,kin
1060,gerongu,,"club, wooden cleaver",
1061,geto-getongo,,"all, one by one",
1062,getongo,ma,every,
1063,geugegouto,,worry,
1064,geugewe,,chew,
1065,geuhihi,,seed,
1066,geuletiti,,smallest finger,body part
1067,geurehi,,yaws,
1068,geurenge,,rattle,
1069,geurewoto,,scattered,
1070,geutefata,,raft,
1071,geutehata,,raft,
1072,ge-weui,,chew sugar cane,
1073,giama,nanga,"hand, arm, forefoot",body part
1074,giau,o,drinking coconut,food
1075,giete,,laughed at,
1076,gigabu,,wild banana,plant
1077,gigan,,"fresh, new, unripe",
1078,giganga,o,wild lemon,plant
1079,gigima,,fun after a feast,
1080,gigini,,"nurse, raise, feed",
1081,gigoro,ho,"talk, make noise, be quiet!",
1082,gihe-giheune,,obey,
1083,gihini,,seed corn,plant
1084,gihoro,,"grind, abrasive",
1085,gihouro,,horseradish,food
1086,giki-loa,,warewolf,
1087,gikiri,,spirit,
1088,gila-gila,ho,to continue,
1089,gilaongo,,female slave,
1090,gilianga,,"break, unfurl",
1091,gilidanga,,blue bottlefly,animal
1092,gilili,,skin disease,
1093,gilio,ho hi,"return, bring back",
1094,giliri,,"praise, honor",
1095,gilitopa,o,wild casava tree,plant
1096,giloi,,to smooth,
1097,gilya-gilyaka,,married people,
1098,gilyaka,,marry,
1099,gina,,"load, cargo, contents",
1100,gineune,o,small bird,animal
1101,giniki,,drive away,
1102,ginitara,,light,
1103,ginogi,,poisonous fish,fish
1104,giofiki,,sour,
1105,giohiki,,sour,
1106,gioko,,sleep,
1107,giopu,,dragnet,
1108,gipirini,o,k o snake,animal
1109,giranga,,posts,
1110,giria,ma,"frequent, it's cloudy",
1111,giriri,,"praise, glory, honor prize",
1112,gitaamoko,,dawn,
1113,gitaoa,,"heaven, sky",
1114,gitifiri,,"fingernails, toenails, claws",
1115,gitihiri,,"fingernails, toenails",
1116,gito,o,coconut beetle,animal
1117,giunu,,hide someone,
1118,giwe,,waterfall,
1119,giwi,,"move, shake",
1120,go,,growth,
1121,go,,"fresh, not finished, unfaded",
1122,goa,o,"lower end stem, base, stump",plant
1123,goaha,,ebb,
1124,goana,,"watch, wait for",
1125,gobe,,stalk,
1126,gobu,,pick up,
1127,gobubulu,i,bubble,
1128,gobuhu,o,cockroach,animal
1129,gocela,,cluster,
1130,goduru,o,"young man, youth",
1131,gofa,,"club, bludgeon",
1132,gofau,,k o small fish,fish
1133,gofelanga,o,"bedbug, crab louse",animal
1134,gofi,,flat,
1135,gofo,,wash hair in coconut milk,
1136,gofoanga,o,sago baking mold,food
1137,gofu-haerani,,weed,
1138,gogaha,,character,
1139,gogahoko,,request,
1140,gogahu,,livelihood,
1141,Gogaili,o,river South of Labi-Labi,
1142,gogaka,,"maybe, perhaps",
1143,gogama,i na,"shiver, cold, fever",
1144,gogarade,,carving,
1145,gogata,,fourth part,
1146,gogatahiki,,soft,
1147,gogehe,,rub,
1148,gogele,,"challenge, vex, taunt, slander",
1149,gogeulewoto,,toilet paper,
1150,gogeure,,"live, stay",
1151,gogeurebongo,,"irresponsible, foolish, half wild",
1152,gogeurena,,cushion,
1153,gogihoro,,wash basin,
1154,gogihouro,,grindstone,
1155,gogilio,,returning,
1156,gogiloliti,,encircle,
1157,gogilyaka,,married people,
1158,gogingi,,grimace,
1159,gogioko,o,k o plant,plant
1160,gogirimanga,,"cork, stopper",
1161,gogitihiri,,plant,plant
1162,gogo,nanga,body hair,body part
1163,gogo,nanga,"feather, body hair",body part
1164,gogobu,,"crowd of people, meeting",
1165,gogogama,,fever,
1166,gogogeure,,"dwelling, residence",
1167,gogohara,,stick,
1168,gogohihi,,orphaned,
1169,gogohiki,,water,
1170,gogoko,,exhort,
1171,gogoli,,metal bracelets,
1172,gogoloko,,hoop,
1173,gogono,ha,hide,
1174,gogonoko,,sternum,body part
1175,gogori,,shell,
1176,gogoru,,"love, compassion",
1177,gogoru,,invite,
1178,gogouno,,"put away, keep, hide",
1179,goguho,,soap tree bark,
1180,goguhu,,cockroach,
1181,goguhulo,,ficticious bird,
1182,goguhulu,,red ant,
1183,goguhumutu,,banana,
1184,goguhumutu,o,beach bird,animal
1185,goguiti,,"scoop, bailer",
1186,gogule,,toy,
1187,gogurati,ma,yellow,color
1188,gogurumini,,lance,
1189,gogutuku,,rice crop,
1190,goguwini,,light,
1191,goha,,beat,
1192,goha,,calming sea,nautical
1193,goha,,"club, bludgeon",
1194,gohaka,,boil,
1195,gohara,,beat,
1196,gohau,,k o small fish,fish
1197,goheba,o,small osprey,animal
1198,gohelanga,,bedbug crab louse,
1199,gohi,o,egg,food
1200,gohihi,,orphan,
1201,goho,,wash hair with coconut,
1202,gohoanga,,sago baking pan,
1203,gohomanga,o,crocodile,animal
1204,gohora,,nutmeg,
1205,gohotouro,,house,
1206,gohotouro,,leech,
1207,gohotouro,,green parrot,
1208,gohumutu,,stick into,
1209,gohungiri,,sea grass,
1210,goi,,tree,
1211,goko,,"maize, corn",
1212,goko,,river,
1213,goko,,buy,
1214,gola,,large stones,
1215,gole,,cleaver,
1216,golebo,,wind gusts,
1217,goli,ha,bite,
1218,golioa,,plant,
1219,golongi,,"band, hoop",
1220,golupu,,dagger,
1221,golyoa,,fallow garden,
1222,gomako,,split bamboo,
1223,gomanga,,full,
1224,gomangau,,spirits of the dead,
1225,gomateure,,sorcerer,
1226,gomoanga,,liana,
1227,gomolo,,plant,
1228,gomona,,"gnat, mosquito",
1229,gomouno,nanga,eyeball,body part
1230,gomuku,,sore,
1231,gomuku,,"ripe, mature",
1232,gonauna,,"worms, maggots",
1233,goneune,,notch,
1234,goni,,"sail cloth, sacking",
1235,goobe,,plant,
1236,goodoungo,,"strangle, pinch",
1237,gookoko,,"bank, shore",
1238,gookoro,,band,
1239,goopuunu,,"meal, flour",
1240,gopoa,,pour,
1241,goraka,,"lift, carry",
1242,gorangoto,,shark,
1243,goreuhe,,cry,
1244,gori,ha,"bore, drill",
1245,gorida,,grindstone,
1246,goriki,,clearsighted,
1247,goriki,,"find, obtain",
1248,goro,o,rubber,
1249,goro,o,rubber springs (on a spear gun),hunting
1250,goroana,,deer paths,
1251,goro-goro,,milksap,
1252,goro-goro,o,sticky rice,food
1253,goro-goro,o,taro,plant
1254,goroho-kaha,,petroleum,
1255,gorohutu,nanga,"eyebrow, k o tree",body part
1256,goroko,o,owl,animal
1257,gorona,ma,middle,
1258,goronaka,ma,"insides, contents",
1259,gorouhau,,judgement,
1260,gorua,,deep bay,
1261,gorua,,fish,
1262,gota,o,"wood, firewood, tree",plant
1263,gotoauka,o,white parrot,animal
1264,gotoaura,,rumpsteak,
1265,gotola,o,white parrot,animal
1266,gou-goungu,,alike,
1267,goungu,,"real, true",
1268,gouru,,"scrotum, balls",body part
1269,gua-bebe,,balsam,
1270,guai,,mango,food
1271,guapo,,fine grain,
1272,guawe,o,mango,food
1273,guba,,curtain,
1274,gubadi,i,left,
1275,gububulu,i,fill with water (by being held under water),
1276,gudoti,o,war,
1277,gudu,,far,
1278,gududi,,rash,
1279,guewa,o,k o mussel,animal
1280,gufuku,o,pig louse,animal
1281,gufuru,o,fly,animal
1282,gugu,o,sea eel,fish
1283,guguia,o,small red handkerchief (used by women to cover their breasts),
1284,guguli,,trumpet,
1285,gugumu,ma,"coccyx, tail",body part
1286,gugutu,nanga,armpit,body part
1287,guha,o,mould,
1288,guhu,o,"hole, pit",
1289,guhuru,o,fly,animal
1290,guihi,ya,stream,
1291,guiti,ho ma,bail,nautical
1292,guju,,"bury, put away",
1293,gula,,liquid sugar,food
1294,gule,,song play,
1295,gule,,play alone,
1296,gule,,bead,
1297,gule-gule,,rice porridge,
1298,gule-gule,o,necklace,
1299,gulelanga,o,k o parrot,animal
1300,gulero,,"skillful, skilled",
1301,gulubenge,o,k o wild areca palm,plant
1302,gului,o,tail,body part
1303,gului-tubo,o,k o small snake,animal
1304,gulupoa,ho,overflow with water,
1305,gulura,ha,split (into small pieces),
1306,guma,o,fish hook,tool
1307,gumalya,ho,"permit, consent",
1308,gumemene,o,chicken louse,insect
1309,gumi,o,moustache,body part
1310,gumi-lamo,o,python,animal
1311,gumini,o,"sweet potato, creeping plant",food
1312,gumuruku,,"side, oblique",
1313,guna,,love potion,magic
1314,gunehanga,,resin,
1315,gunu,,torch soot,
1316,gura,,island,
1317,gurabati,,shrub,
1318,gurama,,tree,plant
1319,gurati,,gold,
1320,gurati,ma,yellow,color
1321,guri-guriti,,laced up,
1322,guri-guriti,o,small black bat,animal
1323,guriti,o,string,
1324,guroko,,"snore, grunt",
1325,gurubabo,,trap,
1326,guruhe,,"swarm, hordes",
1327,gurumini,,"reflection, shaddow",
1328,gurupe,,"swarm, hordes",
1329,gurutu,ma,"long, length",
1330,guti,ho ma,descend,
1331,guti,o,scissors,
1332,gutugete,o,k o freshwater fish,fish
1333,gutuku,,gather,
1334,guuhuru,,wasp,animal
1335,guwini,,light,
1336,haaka,o,silver,
1337,haara,,hole,
1338,haba,,"get loose, tear, rip",
1339,habanere,,visible on the sea bottom,
1340,habarang,,something,
1341,habatana,,large rush mat,
1342,habeba,o,loin cloth,
1343,habeloro,o,k o small yellow snake,animal
1344,habeta,o,coconut beetle,animal
1345,habeuleko,,let a word slip out,
1346,habi,,"pair, set",
1347,habirotaka,,starve,
1348,habo,,"part, prey",
1349,habongo,o,flat basket,
1350,hadaka,,"gift, alms",
1351,hadaria,,k o waistcoat,
1352,hadi,,Sunday,
1353,hadorari,,attack,
1354,haeke,manga,head,body part
1355,hafini,,,
1356,hafuru,,sister in law,
1357,hagaga,,yelling encouragement,
1358,hagago,,sharp smell,
1359,hagarara,o,"finger, toe",body part
1360,hago,,"forked, split",
1361,hahahaka,,"unripe, sour",
1362,hahakara,,hair point above forehead,
1363,hahalebiti,,slanting,
1364,haharu,i,"current, flow",
1365,haharu,o,mortal combat,
1366,hahauo,,wrapper,
1367,haheure,,spy upon,
1368,hahi,,"swear, swear an oath",
1369,hahini,i na,hungry,
1370,haho,,stack,
1371,hahoreune,,cockscomb,
1372,hahura,i,"shiver, tremble, shake",
1373,hahuru,o,sister in law,kin
1374,haibauru,,prepare,
1375,hai-haili,,flutter,
1376,haika,ha,"take away, remove",
1377,haili,,"blow away, fly away",
1378,hailoa,ma,"nice, pretty, beautiful",
1379,haino,ha,bring here,
1380,hai-regu,,divide,
1381,hairi,,visible on sea bottom,
1382,haiti,ho,dig,
1383,haiwateuki,,sleepless,
1384,hajali,,"agreement, promise",
1385,haka,ha,peel,
1386,hakadoru,,ramrod,
1387,haka-honyinga,,remind,
1388,hakai,ho,"cook, kitchen, cooking",
1389,hakaru,,stone,
1390,hakaura,,spear,
1391,haka-waro,,inform,
1392,haketa,o,tree,plant
1393,haki,ma,"fat, delicious",
1394,hakihi,o,witness,
1395,hakiloro,o,k o large shrimp,animal
1396,hakimu,,"judge, court",
1397,hakiri,,"legendary, folk",
1398,hakola,,sash,
1399,hakola,o,school,
1400,hakoro,ha,to make a k o wicker,
1401,hakoto,ha,straighten out pandanus leaves,
1402,haku,,"right, ownership",
1403,hakulu,ha,"boil, stew",
1404,hakuru,ma,"bunch, hand of bananas",
1405,hakuta,,"maintain, care for",
1406,halabiana,o,megapode bird,animal
1407,halaeta,o,fishing line leader,fishing
1408,halaha,o,Tuesday,time
1409,halalenge,o,impurity,
1410,halamata,,"supernatural, heavenly",
1411,halamati,,"welfare, happiness",
1412,halamburung,,bird nest,
1413,halapa,o,fish carrying net,fishing
1414,hale,o,k o tree,plant
1415,halebiti,,slanting,
1416,haledo,i,half dead (of fish),
1417,hali,,expensive,
1418,hali,,bad,
1419,hali,,fishing rod,
1420,hali,,"lawsuit, dispute",
1421,halibiru,ho,"oppose, contradict, resist",
1422,halila,o,wild citrus fruit,plant
1423,halimuli,,k o tree,plant
1424,halingohu,,must,
1425,halipi,,walls,
1426,halopa,,metal areca box,
1427,halu,,village stamp,
1428,haluanga,,"earth friut, liana",plant
1429,haluara,,trousers,
1430,haluhu,,answer,
1431,halulunu,,feel,
1432,hamaka,o,watermelon,plant
1433,hamana,,outrigger,nautical
1434,hamanemo,,"hit, strike",
1435,hamata,,arenpalm leaf ribs,
1436,hamehi,,tanning a net,
1437,hamihi,o,Thursday,
1438,hamooko,,collarbone,
1439,hangaimi,,use finger to induce vomiting,
1440,hangaini,,remove,
1441,hangaji,ma,district head,
1442,hangali,,"repay, return service",
1443,hangate,,banana,
1444,hange,NUM,three,num
1445,hange-hona,,cry of surprise,
1446,hangeru,,festive procession,
1447,hangeru,,sneeze,
1448,hangihara,ma,"pain, ache, illness",
1449,hangkole,,sago package,
1450,hangkura,o,land tortise,animal
1451,hango,,answer,
1452,hango-hango,o,k o large fish,fish
1453,hangoka,,March,
1454,hangole,,all the more,
1455,hangu,,"pay, satisfy",
1456,hangu-hangu,o,,fish
1457,hangunu,,"pay, satisfy",
1458,hanguru,,snort,
1459,hanitiata,,without  topping,
1460,hanongo,,female grandchild,
1461,hao,,"widow, then",
1462,haoko,,bring seaward,
1463,hapaka,,stones throw,
1464,hapela,,crotch of trousers,
1465,hapi,o,cow,
1466,hapitu,,also,
1467,hapongo,,come,
1468,hara,,also,
1469,hara,,"turn, time",
1470,hara,,a number of roofing leaves,
1471,harabaka,,splash,
1472,hara-hara,,"all, one by one",
1473,haraka,,crossbeams,
1474,haram,,"unclean, forbidden",
1475,harana,,wounded,
1476,harangoto,,banana,
1477,harapa,,rash,
1478,harara,,rake,
1479,harati,,charm,
1480,haratu,,coin,
1481,harau,,dried above the fire,
1482,harawodeke,o,wood lizard,animal
1483,haremi,,shoulderblade,
1484,harene,,"board, ascend",
1485,hareuhe,,spread of fingers,
1486,hari,,knot net,
1487,harigana,,roof vent,
1488,harita,ha,"to notch, net mending needle",fishing
1489,harongo,ha,"broil, roast",
1490,haropu,,diarrhea,
1491,haru,,"pressing request, persistent",
1492,haruawanga,,edible plant,
1493,harumu,,"sheath, case",
1494,hasil,ma,yield,
1495,hatamu,,cut,
1496,hatenga,,half,
1497,hatera,,"wild, savage",
1498,hateru,,"work, labor",
1499,hatobu,o,tree,plant
1500,hatoli,,almost,
1501,haturu,o,enemy,
1502,hau,,,
1503,hauku,ma,"warm, heat",
1504,hauo,,"wrap, pack",
1505,hauraro,,solid lava,
1506,hauru,,"feel, grope",
1507,hawa,,lewd,
1508,hawa,,renovate,
1509,hawaho,,"know, acquainted",
1510,hawakata,,stomach illness,
1511,hawana,,"fear, dislike",
1512,hawateri,,"uneasy, worry",
1513,haweko,,"basin, bowl",
1514,hawoa,,banana,
1515,hawuaba,,beach,
1516,hayanga,,compassion,
1517,hea,,foolish,
1518,hebiti,,uneven,
1519,hedu,,jest,
1520,hegala,,all,
1521,hehega,,skin disease,
1522,hehehera,o,broom,
1523,heheli,,drain,
1524,hehene,o,tree,plant
1525,hehengi,,lance,
1526,hehera,ho ma,"sweep, dust",
1527,hehoto,ha,press together,
1528,hehutu,,late,
1529,hekafu,,"completely, entirely",
1530,hekata,nanga,wife,kin
1531,heki,o,tree,plant
1532,hekono,,"bare, naked",
1533,hela,,prahu parts,nautical
1534,hele,,slip,
1535,helehuku,,square bottle,
1536,helekono,,seperated spouse,
1537,helenga,,open,
1538,heleta,,sago beating,
1539,heleuru,,pull out,
1540,helewati,,banana,plant
1541,helewo,o,stone,
1542,heloro,,"move, turn",
1543,helotu,,lock,
1544,heluku,,joke,
1545,hemo,,palm,plant
1546,hemoro,ma,"sweet, delicioius",
1547,hena,,slim,
1548,hene,,turtle,
1549,heneni,o,Monday,time
1550,heneoara,,spirit of the dead,
1551,henge,,strap pack,
1552,hengi,,cent,
1553,hengo,,half roasted,
1554,heoko,,turned over,
1555,heoto,ho,draw palm wine,food
1556,hepa,,catch,
1557,hepa-hepa,,play catch,
1558,hepata,o,"aren palm, sugar palm",plant
1559,hepe,,ceramic pot,
1560,hepeli,,"flag, pennant",
1561,hepi,,slanting,
1562,heran,,"surprised, amazed",
1563,hereko,,border,
1564,hero,,fish,fish
1565,hero,,"grow, shoot up",
1566,hero-hero,,net fish trap,
1567,hetang,,devil,
1568,hetongo,ha,"say, name",
1569,hewa,o,"wages, rent",
1570,hewana,ha,strip bark,
1571,hewana,i,"wide open, gape, to open, to separate",
1572,hewelanga,,shut with a swivel,
1573,hi-,vpf,"causative verbal prefix, valence-increasing",
1574,hiado,PART,"till, untill",
1575,hiado-adono,,"long, many years",
1576,hiadono,,"till, until",
1577,hiadono,PART,"reach, attain",
1578,hiaga,,crest of white parrot,
1579,hiaha,,"impose, insist",
1580,hiaha,,old tuber,
1581,hia-hia,,shout for joy,
1582,hia-hia,,water scoop,
1583,hiahu,,earth fruit,plant
1584,hiahumu,,"repair, mend",
1585,hiahutuhu,,k o wild plant,plant
1586,hiake,,lean,
1587,hiamuru,,ceremony,
1588,hiangi,,underlayer,
1589,hiangkali,,decieve,
1590,hiani,,young deer horns,
1591,hiapoto,ma,"quick, fast",
1592,hiara,,hang down,
1593,hiarene,,threaten,
1594,hiata,,draw out,
1595,hiba,,small green parrot,animal
1596,hibaaeri,,floating,
1597,hibahuku,,make an axe,
1598,hibaiti,,bury,
1599,hibaja,,flatter,
1600,hibaju,,jacket,
1601,hibajuli,,gamble away,
1602,hibakau,,pay,
1603,hibakau,,pay,
1604,hibaki-bakiti,,"wrestling, rolling",
1605,hibaki-bakiti,,"wrestling, rolling",
1606,hibaku-baku,,pitch,
1607,hibaku-baku,,pitch,
1608,hibalyanguku,,get in the dark,
1609,hibalyanguku,,get in the dark,
1610,hibanga,,bury,
1611,hibanga,,bury,
1612,hibangu,,pay,
1613,hibangu,,pay,
1614,hibarakati,,blessing,
1615,hibarakati,,blessing,
1616,hibarene,,load,
1617,hibarene,,load,
1618,hibarihi,,make fly,
1619,hibarihi,,make fly,
1620,hibata,,jump up,
1621,hibata,,jump up,
1622,hibatingi,,make boundary,
1623,hibatingi,,make boundary,
1624,hibatongo,ho ma,"rest, wait, stay",
1625,hibatongo,ho ma,"rest, wait, stay",
1626,hibau,,repair,
1627,hibau,,repair,
1628,hibehehongo,,give command,
1629,hibehehongo,,give command,
1630,hibelaono,,take provisions,
1631,hibelaono,,take provisions,
1632,hibelelaka,,make thin,
1633,hibelelaka,,make thin,
1634,hibeloho,,put in stake,
1635,hibeloho,,put in stake,
1636,hibeneto,,work o neself through,
1637,hibeneto,,work o neself through,
1638,hibilipere,,shake off,
1639,hibilipere,,shake off,
1640,hibilono,,dry coconut leaves,
1641,hibilono,,dry coconut leaves,
1642,hibitara,,talk it over,
1643,hibitara,,talk it over,
1644,hibiti,,cup,
1645,hibiti,,cup,
1646,hibito,,cut thru,
1647,hibito,,cut thru,
1648,hiboa,,"get, fetch",
1649,hiboa,,"get, fetch",
1650,hiboaka,,cry out,
1651,hiboaka,,cry out,
1652,hibobeto,,swear,
1653,hibobita,,impose a command,
1654,hibohono,,love,
1655,hibohoro,,give in anger,
1656,hibooteke,,split in,
1657,hiboto,,prepare,
1658,hibuhukuku,,give birth,
1659,hibula,,"divide, portion",
1660,hibunyafo,,decieve,
1661,hiburu,,tree,
1662,hibututu,,pin up,
1663,hida,,look,
1664,hida,,small roof patch,
1665,hidaaere,,blame,
1666,hidabawa,,"disparage, disdain, despise",
1667,hidabi,,consider,
1668,hidadi,,create,
1669,hidagali,,go to do,
1670,hidaharongo,,sticklefish,
1671,hidahe,,scout,
1672,hidahe-dahe,,spies,
1673,hidailako,,keep track o f,
1674,hidaloko,,wind,
1675,hidana,,tame,
1676,hidanga,,"strait, narrows, passage",
1677,hidangi,,set down on a tree,
1678,hide,ma,bamboo sprouts,food
1679,hidete,o,"sail, to sail, navigate, upper boom, lower boom, to unfurl the sail",nautical
1680,hidimoaka,,deny,
1681,hiduru,,steer,
1682,higaga,,mock,
1683,higojo,,slander,
1684,hiha,,loin cloth,
1685,hihanga,,lost,
1686,hihi,,"hot, prickly, stinging",
1687,hihika,,"thorn, towel, handkerchief",
1688,hihipouku,,house lizard,
1689,hihiri,o,mosquito,animal
1690,hihoi,,enchantment,
1691,hihu,,mend,
1692,hika,,"wipe, dry",
1693,hikagoro,ho ma,decide,
1694,hikerufu,,screw,
1695,hila,,sailfish,
1696,hilidoro,o,k o bird,animal
1697,hilo,,resin,
1698,hiloana,,garfish,
1699,hilo-hiloto,,horseradish,
1700,hinga,,lion,
1701,hinianga,,k o wood,
1702,hininga,o,"understanding, thought, mind, heart, to be fond of",
1703,hinoto,NUM,two,
1704,hiode,o,"meat, side dish",
1705,hio-hio,,old,
1706,hioriki,ha,"understand, know",
1707,hioru,ho ma,paddle,nauticalical
1708,hira,ma,"in the beginning, to be the first, you go before me",
1709,hiranga,nanga,opposite-sex sibling,kin
1710,hiri,i na,"to be sick, pain, difficult, difficult for me, kidney",body part
1711,hitakono,o,log,
1712,hitikano,o,,
1713,hiwala,o,k o banana,food
1714,hiwili,o,decoration on rim of habongo,weaving
1715,hiwo,NUM,nine,num
1716,hiwu,o,k o fish net,fishing
1717,hlubota,,shrub,
1718,ho,PART,"rest, remainder",
1719,ho,PART,thus,
1720,ho-,PRO,"1i, we",
1721,ho-,PRO,1inc,
1722,hoaha,,whistle,
1723,hoana,ma,tribal village,
1724,hobata,EXC,sir,
1725,hobolo,,mumps,
1726,hobu,ho,beg,
1727,hofoko,,carry fruit,
1728,hogo,,pubic hair,body part
1729,hogoli,o,bamboo knife,
1730,hogoto,,steps in coconut tree,
1731,hohakai,,kitchen,
1732,hohe,,"open, expand",
1733,hoho,i,fly,
1734,hohoba,o,"trident, stab with a trident",fishing
1735,hohobo,o,stone jar,
1736,hohoko,ma,"fruit, flower",
1737,hohomo,,ghost,
1738,hohongo,o,"shadow (of things, not people), take shelter (under s t)",
1739,hohoru,,west,
1740,hoinapana,,gun,
1741,hoinapana,o,gun,hunting
1742,hoka,ha,wash (clothes),
1743,hoka,ma,leaf,plant
1744,hoka,PART,"as, like",
1745,hokana,i,fly out (of a tool from a handle),
1746,hokiki,o,k o spear (without a barb),hunting
1747,hokoganga,PART,like that,
1748,hokona,PART,like this,
1749,hokoto,o,fist,body part
1750,hokumu,ha,"pour out, decant",
1751,holano,,"beginning, origin",
1752,holete,ho,enter,
1753,holoa,ho,to give a small gift,
1754,holoi,i,more,
1755,holya,o,"war dance, to dance the cakalele",
1756,homa,,stutter,
1757,homoa,,"other, different, strange",
1758,homomara,,k o tree,
1759,homooko,,k o hardwood,
1760,homu,,troubled,
1761,honanga,,something,
1762,honenge,ha,die,
1763,hongana,o,"jungle, forest, Tugutil",
1764,hongara,,roast,
1765,hono,,basin,
1766,hononga,ma,"half, part",
1767,honotoko,,chisel,
1768,hopa,,hem,
1769,hopaya,,that,
1770,hopi,,"swear, curse",
1771,hopopo,,fine,
1772,hora,,"transport by canoe, contagious, chaff",
1773,horemati,,show respect,
1774,horene,,crow,
1775,hori,,lead,
1776,horogono,,neck hair of pig,
1777,horowai,,wild parsley,
1778,horowiri,,behavior,
1779,horu,,harden,
1780,hotumu,,exhausted,
1781,hou,ma,remainder,
1782,houramo,o,"mist, fog",
1783,houru,,medicine,
1784,howi,,measles,
1785,howono,,transgress,
1786,huba,,bride price,
1787,hubini,,musty,
1788,hude,o,plate,
1789,hudu,ho,whisper,
1790,huha,ha,"to be difficult, poverty, need",
1791,huhu,ma,"breast, to nurse (a child), to suck (the breast), nipple",body part
1792,huhugara,,shovel,
1793,huhukuno,,termite(?),
1794,huhupi,,blowpipe,hunting
1795,huhuru,,wild,
1796,hukara,,death feast,
1797,huku,,magpie,
1798,huku,,knot,
1799,hukunu,ha,sell,
1800,hulahi,o,k o herb,plant
1801,huloko,ha,order,
1802,huludi,,pinch s t,
1803,hululunu,,round,
1804,humu,o,well,
1805,humungu,,"nag, whine",
1806,hungi,,new,
1807,huo,o,heart,body part
1808,hupi,,shoot with blowpipe,
1809,hupu,ho,"go out, come out",
1810,hurabi,,porch,
1811,hurata,,letter,
1812,huri,,fruit blossom,
1813,hurono,,nostrils,
1814,huru,,k o fish,
1815,hurutu,,fish poison,
1816,hutu,ma,"night, dark",
1817,hutuani,,moment,
1818,hutulu,i,a little,
1819,huwa,,roar of flame,
1820,huwiha,,trumpet,
1821,huyu,,smoke,
1822,ia,,yes,
1823,iafa,o,porpoise,animal
1824,iaha,,,
1825,iata,NUM,four,num
1826,ibelihi,,evil spirit,
1827,idahi,o,k o small bird,animal
1828,ido,o,mackerel,fish
1829,ido,o,mongoose,animal
1830,idowau,,sayur liling,
1831,idu,,lie down,
1832,idulu,i,"turn over, your sarong is on inside-out",
1833,-ie,DIR,upward,dir
1834,iete,ho ma,laugh,
1835,igini,,fish trap,
1836,igo,ho,"love, like",
1837,igo-igoro,,"coast, sail close to shore",nautical
1838,igono,o,"coconut, coconut palm, coconut (still on the tree)",food
1839,igutu,,nest,
1840,iha,,"hedge, fence",
1841,-iha,DIR,landward,dir
1842,ihanga,ma,gunnel,nautical
1843,ihara,,chicken scratching,
1844,ihene,ho,hear,
1845,ihihi,o,urine,
1846,ihoro,ho,"wash dishes, scour, grind, clean",
1847,ihumu,,trembling,
1848,ija,ho ma,buy,
1849,ijo,ma,green,
1850,-ika,DIR,"allative directional suffix, ""away""",dir
1851,ilingi,o,voice,
1852,ilyaka,,marry,
1853,imu,o,k o spirit,magic
1854,ingiri,nanga,tooth,body part
1855,initara,,light,
1856,inomo,o,food,
1857,inongo,,"here, now",
1858,ipiti,,"pinch, squeeze",
1859,iriki,ha,"choose, select",
1860,iruhu,,skim,
1861,iti,,only,
1862,iunu,,"hide, conceal",
1863,iwa,ha,not present (for people),
1864,iwi,,rattan,
1865,ja,o,casting net,fishing
1866,jabibi,,blister,
1867,jabu-jabu,,sago gutter,
1868,jaga,,(branch of tree),
1869,jai-jai,,hasty,
1870,jajawa,,coconut water seperated from milk,
1871,jaji,o,"resemblance, promise, agreement",
1872,jako,,"bearing, appearance, stature",
1873,jako-jaka,,net landing,
1874,jamani,,"face, countenance",
1875,jame,,"taste, sample",
1876,jamu,o,"bell, clock",time
1877,janga,,"shine, glitter",
1878,janga,,beams,
1879,janga-janga,,brilliant,
1880,jangela,o,window,
1881,jarita,,story,
1882,jaru,,aunt,
1883,jati,,wood,
1884,jela-jela,,grass,plant
1885,jere,,"grave, cemetary",
1886,jijibobo,,spoon,
1887,jijiga,,orange,
1888,jiko,,"bay, bight, creek",
1889,jobiri,,ancestor,
1890,jobo,,"go, depart",
1891,jobubo,,"source, also",
1892,jojo,,paternal uncle,
1893,jojo,,"handrail, hold fast",
1894,jojongo,,pearl,
1895,jojopu,,syringe,
1896,joko-joko,,bamboo bench,
1897,jongutu,,mat,
1898,jopu,,squirt,
1899,joro,,fallow garden,
1900,joro-joro,,"garden, singing game",
1901,jou,,gentleman,
1902,juangana,,large canoe,
1903,jubale,,splice rope,
1904,jumu,,calk,
1905,ka,,only,
1906,kabelanga,,cocnut shell,
1907,kabi,o,goat,
1908,kaboto,,schooling fish,
1909,kabutu,o,puffer fish,fish
1910,kadu,o,sack,
1911,kadu-kadunu,,"sleepykaeli, diligent",
1912,kadunu,,bend forward,
1913,kafo,,dust,
1914,kafo-kafo,,k o mussel,
1915,kagunga,,large canoe,
1916,kaha,,"country, region",
1917,kahawari,,cassowary,
1918,kahina,,mirror,
1919,kahitela,o,"corn, sweet potato, corn",food
1920,kaho,o,dog,animal
1921,kahoho,o,grasshopper,animal
1922,kahuruono,INTEROG,when (in the future),
1923,kai,ma,"skin, hide, bark",body part
1924,kailaka,o,k o liana,plant
1925,kailupa,,kapok,
1926,kaingo,o,k o sea snake,animal
1927,kaja,,palm mat,
1928,kaka,,coral,
1929,kakadono,,joint,
1930,kakaluepata,o,oar,nautical
1931,kakatama,ma,tongs,tool
1932,kakatama,o,scorpion,insect
1933,kakihi,,slit,
1934,kakoto,nanga,eyelash,body part
1935,kakuba,o,a k o banana tree,food
1936,kalero,,lime oven,
1937,kalubaharu,,black coral(?),fish
1938,kalulu,,k o canoe,nautical
1939,kalupapa,,ear drum,body part
1940,kalyidu,,"lust, desire",
1941,kamo-kamoro,,clouds,
1942,kane-kane,,tree ant,
1943,kangano,PART,earlier,
1944,kangela,,"burden, trouble, anxiety",
1945,kapa,,"cotton, ship",
1946,kapeta,,kick with foot,
1947,kapu,,stain,
1948,karahi,,"rat, mouse",
1949,karana,,"respect, misfortune(Ternate)",
1950,kari,,decide arbitrarily,
1951,karianga,o,"iguana, lizard",animal
1952,karo,o,coral,nautical
1953,kateko,o,pandanus mat,
1954,katu,o,roof,
1955,kawahi,o,wild banana,plant
1956,kaweli,,throw,
1957,kawihi,,kite,
1958,kekere,,rasp,
1959,kelaki,,complaint,
1960,kele,,bamboo water cask,
1961,kelehoro,ho,follow the mountainside,
1962,kelenga,ho,"place, lay",
1963,keoko,ho,"to be cowardly, cowardice",
1964,kera,,massage,
1965,kerewoto,ha,"separate, we were separated",
1966,keteko,o,"sago bread, cooked sago",
1967,kia,Q,,
1968,kiai,,Chinese,
1969,kiani,PART,must,
1970,kiarono,o,k o basket,
1971,kiawa,o,taro,food
1972,kibiri,,"spit, saliva",
1973,kiditoko,,the very last,
1974,kie,o,mountain,
1975,kiguru,,sago drain,
1976,kikihini,nanga,sideburns,body part
1977,kikisi,o,batten,weaving
1978,kilehoro,,sprain,
1979,kilianga,ha,"break o ff, demolish",
1980,kilioro,,turn,
1981,kiloana,o,bamboo water cask,
1982,kilotini,,"drift wood, dead wood",
1983,kinitara,i,to be light,time
1984,kioko,i na,to be sleepy,
1985,kiria,,"frequent, many",
1986,kiwuku,,pull out s t,
1987,ko,,"embrace, hug",
1988,koaha,,better,
1989,koali,PART,no,
1990,koano,,"sultan, k o gum tree",
1991,kobara,,leaf of areca palm,
1992,kobo,o,manatee,animal
1993,kobongo,,bone,body part
1994,koboto,o,oath,
1995,kobowo,o,water buffalo,animal
1996,kobu,,pick up,
1997,koca-koca,o,boring insect,animal
1998,kofin,,fez,
1999,kofo,,drag net,
2000,koha,,harsh,
2001,kohe,o,year bird,animal
2002,kohuta,o,k o banana,food
2003,koiwa,PART,not present (for non-humans),
2004,kokaleda,o,k o frog,animal
2005,kokarai,o,quiet the wind,magic
2006,koko,o,k o gourd,food
2007,kokoa,,sleeping mat,
2008,kokoho,,night owl,animal
2009,kokokoho,,warp,
2010,kokono,,egg basket,
2011,kokoreehe,o,cricket,animal
2012,kokotu,,black,color
2013,kolo,,embrace,
2014,kololo,,embrace,
2015,kolotau,,mattress,
2016,kolubati,,worms,
2017,kolyoba,,"fisheagle, Madole",
2018,komene,o,k o tree,plant
2019,komo-komo,o,sago porridge,food
2020,kongo,,tears,
2021,kookoro,,"bent, crooked",
2022,kope,,turn away,
2023,kopi,o,coffee,
2024,kore,o,wind,
2025,korema,o,date palm,plant
2026,kori,,"scrape, grate",
2027,kori-kori,o,tree frog,animal
2028,koroana,,lose a child,
2029,korona,i,middle,time
2030,koru,o,"lobster, crab",animal
2031,koruku,,morning star,nautical
2032,kota,,fortress,
2033,kotibi,,busy,
2034,koti-koti,,"dress, skirt",clothing
2035,kotiri,,"stiff, starched",
2036,kouno,o,k o fish,fish
2037,kuama,o,spear (general term),hunting
2038,kubu-kubo,o,,fish
2039,kucawolo,o,k o forest bird,animal
2040,kucubu,o,thorn apple,plant
2041,kuda,,"trestle, support",
2042,kuda-kuda,,weed tool,
2043,kudofo,ma,aren palm leaf sheath,plant
2044,kudoti,,war,
2045,kuho,o,k o marsupial,animal
2046,kukihi,ma,banana flower,plant
2047,kule,,evil spirit,magic
2048,kumati,,"splendor, shine",
2049,kumuruku,i,"lopsided, roll (of a boat)",nautical
2050,kupa,o,ketupat,food
2051,kupe,,eye of a needle,house
2052,kuranga,PART,less (than),
2053,kurati,ma,yellow,color
2054,kuru,,"charcoal, soot",
2055,kuru-kuru,,"hen, chicken",animal
2056,kururihi,,"snore, moan",
2057,kururu,ha,scrape (shave the roughness off pandanus),
2058,kurutu,i,"long, far, length",
2059,kutu,o,k o snail,animal
2060,labara,o,wild cat,animal
2061,labu,o,k o watermelon,plant
2062,lada,o,pepper,food
2063,lage,ho,lift up s t,
2064,lai,,float on wings,
2065,laia,,dish,
2066,laikodu,o,k o jellyfish,fish
2067,lainkapu,,k o milkweed,plant
2068,lako,nanga,eye,body part
2069,laku,,"strongest, victorious",
2070,lalata,o,bamboo egg basket,
2071,langi,,rollers,
2072,lapuru,,lamp,
2073,lara,,cell,
2074,lata,,scorch,
2075,lawe,,thread,house
2076,leanga,o,makeral,fish
2077,lebi,,sheets of a sail,nautical
2078,lebo-leboto,,stagger,
2079,ledo,o,"albino, Caucasian",
2080,lefo,,write,
2081,lega,ho,go see s t,
2082,legono,,catch,
2083,leha,ho,ask,
2084,lehi,o,sleeping mat,
2085,leleanga,,kite,
2086,lelero,i,sunset,time
2087,leletongo,o,lightning,
2088,leliama,,fish sauce,food
2089,leoto,,anchor,nautical
2090,lepa,,"puddle, pool, marsh, deep bay",
2091,leri,,"stand on one side, slant",
2092,letongo,,"shine, glitter",
2093,lewaha,,mixed,
2094,lewanga,,coconut eaten by birds,
2095,lewangka,,handcuff,
2096,liamo,,weed,
2097,liara,,"drag, pull",
2098,liaro,,mast,nautical
2099,liate,,pole,
2100,libiri,,emigrate,
2101,libuku,,corner,
2102,ligihi,,rope,
2103,liha,o,k o tree,plant
2104,lihanga,o,"gong, metal bowl",
2105,lihunu,o,garden house,
2106,lihunu,,stalk,
2107,liko,ha,"snare, tie.up",
2108,liliko,ma,snare,
2109,liliri,o,tool for making strips for basketry,weaving
2110,limoro,ho,hunt,hunting
2111,linga-linga,,go by land,
2112,lingiri,ha,"look for, inquire, I make money by selling palm wine",
2113,lio,ho,"turn back, return",
2114,liporete,ho ma,sit back to back,
2115,lita,o,iron nail,house
2116,litoraka,,rafter,house
2117,liweweru,o,pohon casuarus,plant
2118,loa,,yard,
2119,lobe,o,torch,
2120,lobi,o,cloud,nautical
2121,lobi-lobi,o,dark clouds,
2122,lola,,reconcile,
2123,loleba,o,"warp, weft",weaving
2124,loleoto,,anchorage,
2125,lolioanga,o,k o ant,animal
2126,loliti,,turn s t,
2127,loloha,o,yard,
2128,lololo,o,shell,animal
2129,lolongutu,,red grasshopper,
2130,lolou,,writing tool,
2131,lori,,k o duck,bird
2132,loro,,glass,
2133,lotengi,,"ceiling, attic",
2134,loti,,one unpaired,
2135,loto-lotono,,notched,
2136,lotono,,make notches,
2137,lou,,sketch,
2138,louhu,,smooth,
2139,louku,,smoldering,
2140,lowo,,worn off,
2141,lowo,,low ground,
2142,luga,,k o pigeon,
2143,lugo,,pronunciation,
2144,lugu,,paralysed,
2145,luhungu,,"cover up, cover",
2146,luhungu,,stamping block,
2147,luiti,,cut,
2148,luiti,,stroke,
2149,lukama,o,langsat,food
2150,luku,ma,deep,
2151,lukuku,,surface,
2152,lulu,,"roll, roll up, tumble",
2153,luluiti,,bow,
2154,lulule,o,butterfly,animal
2155,lulumiti,,moss,plant
2156,lungunu,o,"grave, casket",
2157,lupanga,o,"sinkhole, a stream that flows into a sinkhole",
2158,luri,o,red parrot,animal
2159,lurutu,,stand close together,
2160,luti,,smallpox,
2161,lutu,,sink,
2162,lyabo,,sharp,
2163,lyahini,,drive away,
2164,lyahini,ho,"drift away, drift (in a boat without paddling)",
2165,lyahiri,,swallow,
2166,lyaho,,calf,
2167,lyahongo,,gill,
2168,lyamiri,,"spoiled, sour",
2169,lyaru,,comfort a child,
2170,lyau,,howl,
2171,lyauhu,,smear grease,
2172,lyaunu,o,fish,fish
2173,lye,ha,"get, take",
2174,lyeha,ma,"keel, mainland, in particular the large island of Halmahera",
2175,lyia,ho,hunt with dogs,hunting
2176,lyikutu,,"tie, bind",
2177,lyoboho,,swell,
2178,lyohihi,ho ma,urinate,
2179,lyoho,,smoke,
2180,lyokini,,pour out dry goods,
2181,lyoko,o,"shit, excrement",
2182,lyoku,o,mountain,
2183,lyokuku,,opening,
2184,lyou,nanga,"leg, foot",body part
2185,ma,NCL,genetive noun marker,
2186,ma-,RFLX,reflexive verbal prefix,
2187,maata,ma,"cold, cool, fresh",
2188,madango,,"as, so much as, by resemblence",
2189,mahau,ho ma,wash (one's) face,
2190,mahirama,,completely covered,
2191,mai,,"fade, wilt, whither, harpoon shaft",tool
2192,maihi,,fortune telling,
2193,maijanga,o,"deer, antler",animal
2194,maiki,,open,
2195,makahe,o,k o fish,fish
2196,makamahingi,,threaten,
2197,make,ha,"find, obtain, receive, aquire, discover",
2198,makokuduku,,cover the head,
2199,makoro,o,"male pig, male.pig",animal
2200,mali,,bitter,
2201,malige,,palace,
2202,maling,,"guide, pilot",people
2203,malya,,"permit, allow, leave behind",
2204,malyeke,,ashamed,
2205,mamata,,belly,
2206,mamene,o,brain,body part
2207,mami,ha,"rinse s t, rinse (oneself)",
2208,manarama,,work,
2209,mandarahi,,casava,
2210,mane,,court s o,
2211,mane-mane,,beads,
2212,manga,o,mango,food
2213,mangale,PART,because,
2214,manoko,o,bat,animal
2215,mao,,"feel, feelings",
2216,maoko,ho,stand up,
2217,maraha,,"vapor, mist, haze",
2218,marai,PART,"roughly, must",
2219,marangi,,opposite,
2220,maratana,,flower,
2221,mari,,stone,
2222,maruhu,,feast,
2223,mata,,end,
2224,matana,,tiger,
2225,matera,,deliver magic formula,
2226,matiga,,butter,
2227,matoko,,show,
2228,mayoro,o,,plant
2229,mede,,"indeed, yet",
2230,mede,o,"moon, month",time
2231,mediringi,PART,day after tomorrow,time
2232,mehanga,,sponge,
2233,mehehe,o,goat,animal
2234,meki,,"magician, shaman",
2235,meki,,amulet,
2236,mela,ma,"rotten smell, smelly basket",
2237,meleu,,wild chicken,
2238,melumu,,k o sea polyp,
2239,memele,,bamboo knife,
2240,meo,,cat,
2241,meta,,"aim, take aim",
2242,mi-,PRO,1exc,
2243,mia,o,monkey,animal
2244,mibihi,ma,black,color
2245,midila,,bring fire together,
2246,midiringi,PART,day after tomorrow,time
2247,mikini,,k o banana,
2248,mimiri,o,millipede,animal
2249,mirimi,,gall bladder,
2250,moana,,yawn,
2251,moayu,,Malay,
2252,modeke,,consent,
2253,mode-modeko,,fill completely,
2254,modoi,o,"snare, trap, the pig stepped on the snare and it sprung",hunting
2255,modongo,ho,"afraid, timid",
2256,moduku,,"brooding, certain",
2257,modukua,adv,perhaps,
2258,moha,o,"cotton, linen",
2259,moholehe,o,young woman,people
2260,moho-mohoino,,dawn,
2261,moi,num,one,
2262,moi-moi,adv,all,
2263,moku,ho,carry on shoulder,
2264,moku-moku,o,waves,nautical
2265,moku-mokulu,,granular,
2266,mokuru,o,"areca palm, chew areca, betel",food
2267,mologotu,o,ebony,plant
2268,moluo,,bore,
2269,molyoka,,"married woman, daughter in law",
2270,momame,,cookies,
2271,momo,o,grass,plant
2272,monaoko,NUM,twenty,NUM
2273,mongo,o,fathom,
2274,mongolyo,o,kind of fern (used to tie rim on habongo),plant
2275,mongoro,,"faint, unconscious",
2276,morene,,"rejoice, be pleased",
2277,moributanga,NUM,sixty,
2278,morihiwo,NUM,ninety,
2279,moritoa,NUM,fifty,
2280,morituange,NUM,eighty,
2281,moritumidi,,seventy,
2282,moroini,,tame,
2283,moromu,,"match, fuse",
2284,moruange,NUM,thirty,
2285,moruata,NUM,forty,
2286,moruono,PART,"how many, several",
2287,moteke,ha,"follow, go after",
2288,motoa,NUM,five,
2289,motumu,i,lie face down,
2290,mou,ho,"to be deaf and dumb, to be silent",
2291,muhu,,destroy,
2292,muhuku,,"irresponsible, airhead, epilectic fit",
2293,muhungu,,season,
2294,muhutika,,pearl,
2295,mui,,pit,
2296,mulaha,,neap tide,
2297,mumo,,tread on,
2298,mumuru,o,sea urchin,animal
2299,muna,PRO,"3f, she",
2300,muruakaka,,phlegm,
2301,murue,ho ma,to go with empty hands,
2302,murumu,o,"star, phosphorescence (on the ocean), comet, fireflies, shooting star",nautical
2303,muruono,,,
2304,murutu,i,"grunt, buzz, drone",
2305,muta,,stupid,
2306,mutiti,,sweet,
2307,mutuade,,therefore,
2308,nabo,,wound,
2309,nafali,,"promise, agreement",
2310,naga,,"be present, exist",
2311,naga,,dragon,
2312,nagara,,"cable, apable",
2313,nagimi,,debt,
2314,nahibi,,casava,
2315,nahiri,,shallow,
2316,nahiri,,COUNT (bamboo),
2317,naka,o,soursop,food
2318,nako,ha,"know, COND",
2319,nalo,,"rotten, worn",
2320,namo-daro,,pigeon,
2321,nana,,pus,
2322,nanalingi,o,k o tree whose bark is boiled and used in palm wine,plant
2323,nanamo,ho,hunt birds,hunting
2324,nanao,o,sleeping mat,
2325,nanere,,dream,
2326,nao,,cover,
2327,nauoko,o,fish,fish
2328,nauru,ma,"man, male, bull",
2329,nawoko,,,
2330,ne,,here,
2331,nena,DEM,"this, here",
2332,nenanga,DEM,"here, right here",
2333,ngaamaka,,old days,
2334,ngabau,o,k o thorny liana,plant
2335,ngade,PART,"nearly, almost",
2336,ngaere,o,"river, stream",
2337,ngago,,ant,
2338,ngagu,,profitable,
2339,ngahiri,,product,
2340,ngahoko,,nipple,
2341,ngai,,COUNT (fish),
2342,ngairi,o,stream,
2343,ngaku,,"believe, trust",
2344,ngale,,"reason, cause",
2345,ngale-ngale,,"youth, young man",
2346,ngali,,change,
2347,ngalo,,crossbeam,
2348,ngamo,ho,"quarrel, be angry",
2349,nga-moi,,k o banana,
2350,ngangangoro,o,k o edible crab,animal
2351,ngangoro,ma,splendid,
2352,nganiki,,sauce,
2353,nganono,,"hope, trust, respect",
2354,ngarama,o,k o eel,fish
2355,ngari-ngari,,"single, alone, only",
2356,ngaro,PART,"yet, nevertheless",
2357,ngauku,nanga,ear,body part
2358,ngawatero,o,rainbow,
2359,ngawele,ho,trip,
2360,ngekomo,o,"road, path",
2361,ngengenga,o,k o tree,plant
2362,ngi,,container,
2363,ngidu,o,small tree lizard,animal
2364,ngidulu,o,small parakeet,animal
2365,ngimoi,NUM,ten,num
2366,ngina-ngina,,"narrow, thin",
2367,ngiriki,,kernel,
2368,ngoere,o,sarong,
2369,ngogata,,section a fruit,
2370,ngogoro,,dry season,
2371,ngohabeloro,o,small sea snake,animal
2372,ngohaka,o,"child, give birth",
2373,ngoheka,o,"woman, female",
2374,ngohi,PRO,1,
2375,ngoho,,fetch s o,
2376,ngohokunu,o,k o snake,animal
2377,ngoi,ma,"many (things), many (people)",
2378,ngoko,o,k o banana,food
2379,ngoku,o,k o wood pigeon,animal
2380,ngoluku,o,,
2381,ngolyowo,o,"scaffold, collarbone",body part
2382,ngomahoka,,drink entirely,
2383,ngomi,PRO,first-person plural exclusive independent pronoun,
2384,ngomoti,o,k o wood pigeon,animal
2385,ngona,PRO,second-person singular independent pronoun,
2386,ngone,PRO,first-person plural inclusive independent pronoun,
2387,ngongaku,,"belief, trust",
2388,ngongohaka,o,k o banana,plant
2389,ngoo,,separate,
2390,ngooto,,ocean,nautical
2391,ngorana,o,door,
2392,ngori,PRO,1,
2393,ngorumino,o,morning,time
2394,ngotera,o,tree frog,animal
2395,ngotiri,o,"canoe, to sail a canoe, crossbeams of the canoe, crossbeams of the canoe, mast step, keel, outriggers, helmsman, rudder",nautical
2396,nguha-nguhama,i,"inedible, stale, mouldy",
2397,ngumi,o,"moustache, beard",
2398,ngunungu,nanga,"nose, nostril, rampart (of a mountain)",body part
2399,ngurato,nanga,vein,body part
2400,ngute,o,"stair, ladder",
2401,ngutuku,o,"root, root, tree root",plant
2402,ngututu,o,k o tree,plant
2403,nguuhumu,o,alang-alang grass,plant
2404,ngware,o,grass ???,plant
2405,ni-,PRO,2p,
2406,niata,,"invoke spirits, wish, desire",
2407,nike,,,
2408,nikere,o,k o small fish,fish
2409,niki,ha,"go after, follow",
2410,nipa-nipa,,by,
2411,niporo,,go aslant,
2412,niraka,o,"right, to be to the right, right hand, keep right",
2413,nita,o,light,
2414,nitomo,,stick,
2415,nituhuhu,,shrew,
2416,no-,PRO,2S,
2417,noa,ho,"fill, put in, they put coconuts in the basket",
2418,noara,o,k o fish,fish
2419,nobo,,swelling,
2420,noboho,,swelling,
2421,nonai,,bait,
2422,nongu,,charcoal,
2423,nouhu,o,k o tree,plant
2424,nowi,ha,"cut off s t thin, peel",
2425,nuhu,,island (Jav),
2426,nyare,,reef,
2427,nyata,,"look at, inquire into",
2428,nyau,,fish,
2429,nyawa,o,"person, origin, I come from Tobelo, to be accompanied by s o",
2430,nyawa-nyawa,o,"doll, painting (of a person), representation of a person",
2431,nyiara,,canary tree,
2432,nyimo,,fishline,
2433,nyoa,,"k o stomach illness, k o fish",
2434,nyonyau,,"search for fish, fishline",
2435,nyonyie,,east,
2436,o,NCL,noun marker,
2437,oa,,aunt,
2438,oaha,i,become dry,
2439,oara,ha,run away,
2440,obi,,inflamed,
2441,obiri,,spittle,
2442,ode,,indeed,
2443,odiri,,"burning, hot, spicy",
2444,ofi,,flat,
2445,oga,,paralyzed,
2446,ogana,,coconut milk sauce,
2447,ogoro,,stopping of s t,
2448,oguru,,thigh,
2449,ohaka,,"cooked, done",
2450,ohana,ho,"approach, push",
2451,-ohi,vsf,repetitive aspectual suffix,
2452,ohiki,ha,"bathe, bathe oneself, take a bath",
2453,ohu,,earthquake,
2454,ohumu,,cook,
2455,ohungu,o,wasp,animal
2456,oiki,,"go, set out",
2457,-oka,LOC,at,
2458,okere,ho,drink,
2459,oko,,stand on end,
2460,-oko,DIR,seaward,dir
2461,okoko,nanga,"chin, lower jaw",body part
2462,ole,,crotch,
2463,olete,,penetrate,
2464,olu,,overflow,
2465,oluku,ho,"not want, refuse s t",
2466,olyomo,ho,"eat, eat s t",
2467,omanga,,full,
2468,omu,i na,"jealous, jealousy",
2469,omuku,i,ripe,
2470,opuru,,spittle,
2471,ora,ha,rob,
2472,ora,nanga,daughter,kin
2473,orahi,o,hour,
2474,orangi,,serants,
2475,orehe,ho,"cry, whine",
2476,oriki,ho,"see, see with s t, able to see, I don't see him",
2477,oro,,become cloudy,
2478,orumu,,come,
2479,orutu,i,fight (of dogs),
2480,otaka,,fall,
2481,otama,,leave,
2482,otili,,canoe (Tug),
2483,otini,,handle,
2484,oto,,cut,
2485,oto,o,"automobile, vehicle",
2486,owa,nanga,aunt,kin
2487,oworo,,sword,
2488,paakoro,i,slippery,
2489,paca,,"smear, brush",
2490,padaka,,short,
2491,padamara,o,lamp,
2492,padara,,indigestion,
2493,pado,,leprosy,
2494,padoha,i,"poisonous, poison",
2495,pagoto,o,"bad smell, smelly, odiferous",
2496,paha,i,"after, following, let's eat and then afterward drink palm wine",
2497,pahagi,,corner,
2498,pahi,,shoal,
2499,pahitaka,o,funnel for filling sago mold,
2500,pahugo,,asthmatic,
2501,paka,ha,throw (a round object),
2502,pakata,,k o canoe,
2503,pakisani,,uncivilized,
2504,pako,ma,"thick, coarse",
2505,pakoro,ha,cut,
2506,palado,o,coconut rat,animal
2507,palaka,,edge,
2508,palele,,sell,
2509,pali,,rebel,
2510,pali,ha,roll up,
2511,palyanga,,"touch, feel",
2512,pamara,o,"knife, razor",
2513,pana,,shoot with bow,
2514,panata,,disordered,
2515,panawa,o,medicine,
2516,pancora,,"drain, funnel",
2517,panga,nanga,elbow,body part
2518,papa,,reef,nautical
2519,paraha,,pin s t,
2520,parahaja,,without payment,
2521,parahi,nanga,beard,body part
2522,parati,,"share, portion",
2523,pariama,o,"Pleiades, year, rust",time
2524,parihi,,"sweep away, wipe off",
2525,parting,,wind up,
2526,paruru,,laxitive,
2527,patidoi,,chest,
2528,pawa,,chisel,
2529,paya,i,"intense, serious",
2530,payae,o,palm leaf cup,
2531,payu,o,"umbrella, to use as an umbrella, he uses the leaf as an umbrella",
2532,pea,o,"skull, cranium, bald",
2533,peda,o,"sago, prepare sago, lay out sago to dry",
2534,peda-peda,o,arrowroot,
2535,pedeke,,frog,
2536,peduru,,k o tree,
2537,pehaka,i na,become wet,
2538,peki,,"make dirty, defile, contaminate",
2539,pekoto,,cross legs,
2540,pelanga,,"bent, crooked",
2541,peleke,,stumble,
2542,pelelaka,,"lean, thin",
2543,peleoko,,"curved, not straight",
2544,peneto,,"narrow, tight",
2545,penga,,"beat, pulse",
2546,penga-penga,,play marbles,
2547,pepe,,"wrap up, enclose",
2548,pepe,nanga,uncle (mother's brother),kin
2549,perehu,,"shut, close",
2550,pereki,,old,
2551,peri,,score,
2552,peringana,,"scatter, disperse",
2553,peseke,ma,"dirt, dirty",
2554,piara,ha,raise,
2555,pida,,unfinished handiwork,
2556,pidaha,,hole,
2557,pidili,,"release, let go",
2558,pidingi,,k o belt clasp,
2559,pigu,,k o small basket,
2560,piha-pihana,,use up entirely,
2561,pilangu,,contribute,
2562,pilatu,,"pinch, wedge in",
2563,pilipere,,struggle,
2564,piloko,,blind,
2565,pilopuru,,break,
2566,pim,,k o palm,
2567,pine,,rice,
2568,pineau,,k o coconut,
2569,pinoa,,flower of aren palm,
2570,pipi,,money,
2571,pipidoro,,k o magic charm,
2572,pipiheni,,k o large black beetle,
2573,pipiti,,"grub, caterpillar",
2574,pirini,,thick,
2575,pitata,i,"spring (of a trap or snare), the pig stepped on the snare and it sprung",hunting
2576,pitoko,,"stamp, kick",
2577,pitu,,k o tree,
2578,pitua,,customs,
2579,poa,ha,"have strength, be able, flow over, run out",
2580,poaka,,cry,
2581,podo,,short,
2582,podoje,,"money purse, pocket",
2583,poha,ho,hit,
2584,pohi-pohi,,k o mangrove,
2585,pohuku,,deny persistently,
2586,pohuku,,"fill up, fill in",
2587,poka,,hit with hand,
2588,pokoamo,,sago trough,
2589,poko-poko,,k o banana,
2590,pokoro,nanga,"abdomen, groin, dysentery",body part
2591,pola,,roasted sago,
2592,pole-pole,,fish eagle,
2593,polo,,"short, stump",
2594,poloto,,press between fingers,
2595,polu,,"crowd together, embrace",
2596,pongo,,deaf,
2597,pongono,,be deaf,
2598,pono,,bewitch s o,
2599,ponu,,bend forward,
2600,pooko,,crack,
2601,pooteke,,"crack, split, burst",
2602,popa,,"infant, small child",
2603,poparaka,,liana,
2604,populegana,,k o snake,
2605,porete,,back,
2606,porohono,,"chilly, feverish, fearful",
2607,potati,,large edible land crab,
2608,poteloti,,pencil,
2609,potoka,,"crack, burst",
2610,puda,,surface,
2611,puga,,limp,
2612,pugili,,"bent, broken",
2613,pugu-pugutu,,k o large black ant,
2614,puha,,decay,
2615,puha,,"crease, fold, tangled",
2616,puhu,,cholera (?),
2617,pujanga,,groin,
2618,pujeje,,mushy,
2619,puka,,young wood chicken,
2620,puka,,"knuckle, knob, hump, knot",
2621,pulo,,small hill,
2622,pulono,ha,"watch, stare, look attentively, to be watched",
2623,pululu,i,,
2624,pung,,k o pandanus,
2625,puniti,,coconut palm bark,
2626,punuhu,ha,satiated,
2627,puonga,,bubble up,
2628,pupu,o,k o bird,animal
2629,pupuung,,ankle,
2630,puro,,k o tree,
2631,purutu,,"abraded, skinned",
2632,putuhu,,decide,
2633,puturungu,i na,"strong, powerful",
2634,raba-tigo,,k o wood,
2635,rabu,,"winch, hoist the sail",
2636,rabutu,,stuck together,
2637,radako,,strip off s t,
2638,raga,,"withered, barren, dry, frightened, dumbfounded",
2639,ragoho,,scratch,
2640,ragumu,,k o lizard,
2641,raha,,"feel, mean, think",
2642,rahai,,"beautiful, handsome, graceful",
2643,rahamati,,"blessing, fortune, properity",
2644,rahi,,"nearsighted, myopic",
2645,rahuku,,uproot,
2646,rai,,k o mushroom,
2647,raki,,planting,
2648,rako,,attatch,
2649,rakutu,,liana,
2650,rama,,"swell, expand",
2651,rame,,"celebrate, feast",
2652,ramoho,,"press, squeeze, knead",
2653,rangi,,climb,
2654,rano,,"rub, anoint",
2655,rapa-rapa,,spices,
2656,rara,,stand apart,
2657,raratuhu,,k o banana,
2658,rari,,spy,
2659,raro,,"go out of the way, thick peels",
2660,rato,o,storm,nautical
2661,ratuhu,NUM,hundred,
2662,rau,,"half ripe, breakers",
2663,rauku,,warm above fire,
2664,rawiti,,split bamboo mat,
2665,redi,,"garden, cleaned, cleared",
2666,refe,,wings,
2667,regu,,divide,
2668,rehe,,split open,
2669,rehene,,remove,
2670,rehepehi,,guilder,
2671,rehuku,,"come off, break off, come undone",
2672,rekata,,"rend, destroy, tear, go away, take a walk",
2673,reno,,gnaw,
2674,repa,,blistered,
2675,rete,,"floor, layer",
2676,riaka,nanga,older sibling,kin
2677,ribi-ribi,,fever heat,
2678,riboko,,wake,
2679,ribuhu,,thousand,
2680,rica,,pepper,
2681,ridi,,"be still, remain silent, k o tree",
2682,rihuku,,slow,
2683,rikana,,hearth stone,
2684,rikimi,,"fit, abundant",
2685,rikitu,,straight,
2686,rimoi,,all,
2687,rinom,,cleaver,
2688,rio,,"footprint, impression",
2689,riri,,"bunch, stripe, scratch",
2690,ririmi,o,"rudder, steer, to use s t as a rudder",nautical
2691,ritama,i na,to get goose bumps,
2692,riwo,,"help, support",
2693,riwoto,o,rim on a habongo basket,weaving
2694,roanga,,howl,
2695,robo,,Wednesday,time
2696,roehe,ma,trunk,plant
2697,rohu,,"do hastily, do rashly",
2698,rokata,nanga,husband,kin
2699,roko,,file teeth,
2700,roma,,k o tree,
2701,romanga,,name,
2702,rono,,purr,
2703,ronu,,fall together,
2704,roraange,,three month rice,
2705,roraka,,k o shrub,
2706,rorano,,balsam,
2707,rore,,k o spirit,
2708,roree,,k o canoe,
2709,roroai,,"established, agreed",
2710,roroto,,protruding,
2711,rorotu,,k o mango,
2712,roru,,"pick, long",
2713,rorumu,,k o wood,
2714,rotanga,,offer around,
2715,roti,,bread,
2716,ruae,,make noise,
2717,ruara,,thickleaved,
2718,ruba,ho,"spill, knock over, trip",
2719,rube,,"stone pot, earthen vessel, pitcher",
2720,rubu,,stand close together,
2721,rucaka,,"wreck, destroy",
2722,ruci,,deceive,
2723,rudu,,thresh rice,
2724,rugi,,"damage, loss",
2725,ruhutu,,close,
2726,ruju,,rub s t,
2727,rujubi,,k o lobster,fish
2728,rukiti,o,k o tree,plant
2729,ruku,,"curved, hanging over",
2730,rumunu,,choke,
2731,ruruhu,,"noise, sound",
2732,rurutu,,standing close together,
2733,rutuku,,logjam,
2734,safa,,damer rosin,
2735,salipi,,sago leaf mat,
2736,salumbe,ho,to sing k o traditional song,
2737,sana,o,thousand,num
2738,sapato,o,shoe,
2739,sawaro,ha,smart,
2740,sehehe,o,,
2741,selo,ho,to dance a k o dance,
2742,siridola,,k o stomach illness,
2743,soika,ha,hold,
2744,sopaya,PART,so that,
2745,suba-suba,o,walking leaf insect,animal
2746,taaere,,"reprimand, scold",
2747,taaga,o,"lake, puddle",
2748,taahi,o,k o jellyfish,animal
2749,taajiri,,accuse of adultery,
2750,taake,o,k o thick rattan,plant
2751,taana,,endure,
2752,tabadiku,o,bamboo,plant
2753,tabaga,,copper,
2754,tabako,o,"cigarette, tobacco",
2755,tabauru,,fill,
2756,tabea,,excuse me,
2757,tabihahu,,orchid,
2758,tabu,,"dip, sop",
2759,tabule,,shellfish,
2760,tadaka,,"blunt, dull",
2761,tadauru,nanga,head hair,body part
2762,tadi,,"thrust, own s t",
2763,taduku,o,horn,body part
2764,tafi,,"filter, strain",
2765,taga,i,chest pain,
2766,tagaala,,k o flat basket,
2767,tagahanga,,delay,
2768,tagaheka,o,k o bird,animal
2769,tagailoriki,o,k o kingfisher,animal
2770,tagali,,"change, exchange",
2771,tagapi,,explain s t mysterious,
2772,tage,,undermost part of leaf,
2773,tagi,,"go, run",
2774,tagoko,ha,"catch, sieze, pick up",
2775,tahe,ho,crawl,
2776,tahube,o,canna,plant
2777,tahuku,ha,knot,
2778,tai,ha,"carry (on the back), they carried the baskets",
2779,tai,ha,"carry on back, we carry baskets",
2780,taiana,ho,"deliberate, consider",
2781,taihe,ma,piglet,animal
2782,tailako,ho,"see, look at",
2783,taili,ho,attempt,
2784,taiti,ha,hurry,
2785,taka,,"break an engagement, creak",
2786,take,,"tap, bump",
2787,takehiri,,"appraise, estimate, suppose",
2788,takieuw,,k o grass,
2789,takoro,ho,"knock, beat, I play the drum",
2790,takuru,o,k o heron,animal
2791,talaaa,,scanty,
2792,talaga,o,lake,
2793,talama,,plate,
2794,talanga,,bulge out,
2795,taleana,,encourage,
2796,tali,o,seastar,animal
2797,talo,,old egg,
2798,taloko,,blow,
2799,tama,,"wait, stuck in throat",
2800,tamamu,,ready,
2801,tamero,,sacrum,body part
2802,tami,,stuck in throat,
2803,tamo,o,rice pot,
2804,tamoro,,"spy, peep",
2805,tampala,o,curse,magic
2806,tamunu,ho,cover,
2807,tana,ho,"lock up (in a room), he locked him up in jail",
2808,tana,ha,to bring an offering,
2809,tanana,,unhelpful,
2810,tanawaka,,bad,
2811,tangi,,perch,
2812,tangono,i,lean,
2813,tani,,look for lice,
2814,tanobane,,sail together,
2815,tanuma,,k o bean,
2816,tapa,,"mend, patch, fish turtle",
2817,tapaki,,road,
2818,tapalyu,,"fall on, lay on",
2819,tape,,hole in tree,
2820,tapi-tapi,,sieve,
2821,tapu,,anchor,
2822,tararono,,"shine, shine upon",
2823,tarate,,waterlily,
2824,taratibi,,k o banana,
2825,taratibi,,sit with crossed legs,
2826,tarima,,receive,
2827,tarimakasi,,thanks,
2828,taromo,,black,
2829,taru,,"adhere, stick",
2830,tarunu,,"notch, store",
2831,tarupa,o,"sandals, shoes",
2832,tata,,k o basket,
2833,tatabuang,,k o guitar,
2834,tatanaman,,crop,
2835,tataope,,"tadpole, ikan kes",
2836,tatapa,o,k o basket (for rice sifting),
2837,tataruna,,k o snake,
2838,tate,,"sieve, sift",
2839,tateke,,"crackle, crack",
2840,tatoko,ha,"cover, shelter, protect",
2841,tatu,,burn out,
2842,tau,o,house,
2843,taubutu,,bargain,
2844,tauge,,k o earring,
2845,taugumi,,fish with weir,
2846,tauja,,sea cucumber,
2847,taulu,,"stick, paste",
2848,tauru,ha,pull,
2849,tawaga,,"listen, stare",
2850,tawanono,,admonish,
2851,tawari,,swallow tobacco,
2852,tawa-tawa,,k o tree,
2853,tawi,,blink,
2854,tea-tea,,hop,
2855,teba,,"support, care for, raise",
2856,tebehuru,,cross,
2857,tebeturu,,lazy,
2858,tebini,i,"beautiful, clean, ",time
2859,tedema,,"chew, bite",
2860,tego,,sit,
2861,tegoro,,scold,
2862,teha,,"seat, bench",
2863,tehongo,,persist,
2864,tela,,floor tile,
2865,telemi,o,"female genitalia, clitoris",body part
2866,teli,,"curve, stretch a bow",
2867,temelo,,k o pea,
2868,temo,ho,speak,
2869,tengehono,,"not stop, reproach, avenge",
2870,tengeluku,,"lie, deceit",
2871,tengo,,alone,
2872,teno,,roll up,
2873,teo,,"wring out, press",
2874,teongo,,juice,
2875,tepo,,time,
2876,teri,,run aground,
2877,teri,,tar,
2878,tero,i,"equal, in order, right, equivalent (to each other)",
2879,teru,ha,set s t down,
2880,teta,ha,"pour out, empty, dip in",
2881,tetapu,i,"certain, sure",
2882,teteke,i,drip,
2883,teteki,i,small,
2884,tetengo,o,toilet,
2885,teteta,i,rain,
2886,teto,o,hard ground,
2887,tetoro,ha,"cut, carve",
2888,teturu,,crumble,
2889,teturu,,pick o ff,
2890,tewedanga,,open space,
2891,tiai,i,"ready, even, correct, in order",
2892,tiaka,,wrung out sago pith,
2893,tiba,o,k o bamboo,plant
2894,tibaangunu,,"untidy, disorder",
2895,tibako,,turn s t,
2896,tibi,,k o basket,
2897,tiboko,ho,swim,
2898,tiburu,,truncate,
2899,tide,ha,"lift, raise, carry high, ",
2900,tide-tide,o,,
2901,tidingi,,"punch, hit with fist",
2902,tigi,,near,
2903,tigiranga,,"long and thin, lengthwise, straight",
2904,tigiri,,stain,
2905,tigono,,"juice, glue",
2906,tiha,,"throw down, fall",
2907,tihe,,echo,
2908,tihihiri,,"boom, load roar, rumbling",
2909,tika,,"herd, flock, school, not do",
2910,tikara,,mat,
2911,tike,,seek,
2912,tiki,,"prop up, support",
2913,tikilo,,k o fish,
2914,tikiti,,"cough, chest illness",
2915,tila,,push,
2916,tilabukuku,,kneel,
2917,tilakeru,,"cross, step across",
2918,tilibu,,"pregnant, fertilized",
2919,tiliho,o,k o tree,plant
2920,tiliki,ma,penis,body part
2921,timi,,"under, lowest",
2922,timo,o,cucumber,food
2923,timono,ha,"old, leader, elder",
2924,timo-timono,ha,old (of many people),
2925,tinanga,,"bruised, swollen, overripe",
2926,tingaka,,seperate,
2927,tingi,o,k o mangrove,plant
2928,tingi,ho,"tighten, tight",
2929,tingidu,,dry leaves,
2930,tingkai,,"pranks, tricks",
2931,tinguku,,reward,
2932,tinirihi,,welt,
2933,tino,ha,weave,weaving
2934,tino,i,consume by fire,
2935,tio,ha,"go by, pass by, we have already passed that village",
2936,tiodu,,"make wet, sprinkle",
2937,tiohaka,,"wild, untamed",
2938,tioma,ho ma,turn back after a short time,
2939,tioniki,,cadge,
2940,tiopo,,sisters husand,
2941,tio-tio,,k o black ant,
2942,tipo,ha,knock o ff (fruit) with stick,
2943,tipoko,,short,
2944,tipopa,,steep,
2945,tita,,order,
2946,titi,,"cause, start, motive",
2947,titiki,,"k o mango, koini",
2948,titipa,,gust,
2949,titoko,,turn aside,
2950,to-,PRO,1S,
2951,toa,,friend,
2952,toaka,ho,"hold out (hand), hand something over, give, she gave us her umbrella",
2953,toaka,ha,"tear, split, break o ff",
2954,toba,,pull,
2955,tobiki,,break,
2956,toboko,,"burn, burnt",
2957,tobongo,ha,wade,
2958,tobote,,think,
2959,toca,,candles,
2960,todoa,,"bisexual, hermaphrodite",
2961,todokana,i,"suddenly, to be startled",
2962,todoku,o,"warp, weft",weaving
2963,todomo,,sharp,
2964,toduba,,"regret, remorse",
2965,tofo,,"nurse, feed",
2966,tofu,,mound,
2967,togo,,belch,
2968,togohanga,,"insane, crazy",
2969,togorona,,halfway,
2970,togowini,i,hard,
2971,togu,,,
2972,togumu,ho ma,rest,
2973,tohata,i na,"angry, evil, to be angry about s t",
2974,tohi,,"from the stem, cut a sprout",
2975,tohiki,,steal,
2976,tohora,,"third generation ancestors, third generation progeny",
2977,toi,,k o cane,
2978,toimi,o,"speargun, to shoot (a speargun)",hunting
2979,tokalo,,congeal,
2980,tokara,,"glow, flame",
2981,tokata,o,evil spirit,
2982,tokemi,,full,
2983,toku,,step over,
2984,toli,,"think, suppose",
2985,tolo,,"tap, knock",
2986,tolo-liko,,bird snare,hunting
2987,tolomu,,hat,
2988,tolyanga,,cut down,
2989,tolyomo,ha,"sharpen, sharp",
2990,toma,ha,kill,
2991,tomanga,,"awake, wake up",
2992,tomara,nanga,neck,body part
2993,tomate,o,tomato,plant
2994,tome-tome,,k o tree,
2995,tomo,,go against,
2996,tomole,,brave,
2997,tomono,,constipated,
2998,tomonu,,cover s t,
2999,tonaka,o,"earth, land, ground",
3000,tonga,,"small baskets, cracked",
3001,tono,,hold underwater,
3002,too,,navigate,nautical
3003,toolenge,,dry,
3004,toomu,ho,"gather together, gather s t",
3005,topaha,,"cut off, dig out",
3006,topi,,"plait, hat",
3007,topoko,,push,
3008,toporono,,"heap, pile up",
3009,tora,,"nervous, alarmed",
3010,toraha,,scorch,
3011,toraka,,"lift, carry",
3012,torari,,"attentive, attend",
3013,tore,,dry,
3014,tori,,"sprout, bud",
3015,toriha,,sit against,
3016,torimonoino,,"inundated by waves, washed by tide",nautical
3017,toro,,fighting attitude,
3018,toroa,nanga,male parents inlaw,kin
3019,torobuku,o,k o tree,plant
3020,torohowehe,o,k o tree,plant
3021,torohuku,o,liana,plant
3022,toropaha,,fall,
3023,toropu,o,k o liana,plant
3024,torou,i,"bad, ugly, worn out",
3025,toru,,cross the sea,nautical
3026,totaka,,bring,
3027,totaleo,o,bird (general term),animal
3028,totameri,o,k o arrow,hunting
3029,totango,,"tent, cast",
3030,totara,,"come out, end up",
3031,totare,,nurse cautiously,
3032,totaulu,o,starfish,animal
3033,toteke,,"tap, caress",
3034,totimiono,,grunt,
3035,totiri,,carry in arms,
3036,toto,,nape,
3037,totoade,o,"story, tale, fable",
3038,totoai,o,k o bird,bird
3039,totobeloho,ho,"to speak in the Tobelo language, to be able to speak Tobelo",
3040,totodingi,o,candlestick,
3041,totodore,ho,"to speak in the Tidore language, to be able to speak Tidore",
3042,totokia,,be able,
3043,totolo,,tackle block,tool
3044,totomo,,"full, complete",
3045,totongono,o,k o earthworm,insect
3046,tototeke,,knock,
3047,totuhuro,,reed,plant
3048,totukuna,,ruler,
3049,totumu,,bathe,
3050,towongi,ho,to walk along the beach,
3051,towora,,harden,
3052,tua,o,k o kerchief (worm in cakalele dance),
3053,tuada,o,jackfruit,food
3054,tuagi,,"pour, water, moisten",
3055,tuanga,,gentleman,
3056,tuari,,do separately,
3057,tuba,,lance,
3058,tubalenge,,"tinker, fiddle with",
3059,tubele,,cockfight,
3060,tubeli,,cockfight,
3061,tubo,,"put on high, aloft",
3062,tubolie,,"explode, toss up high",
3063,tubuho,i,heavy,
3064,tubuku,,top,
3065,tubuku,,"fall, jump, come down",
3066,tubu-tubuku,,speckled,
3067,tuda,,"lead, tow",
3068,tudele,o,k o fish,fish
3069,tudili,,pick,
3070,tuduku,ha,throw a spear,hunting
3071,tuga,,measure,
3072,tugala,,skin flakes,
3073,tugara,,nautilus shell,
3074,tugo,,surprize,
3075,tugutili,,wander in the forest,
3076,tugutiloka,,forest dweller,
3077,tuhange,NUM,eight,num
3078,tuhara,i,"boil, bubble",
3079,tuhere,,split,
3080,tuhu,,bang,
3081,tuhuku,ho,shoot,
3082,tui,o,k o bamboo,plant
3083,tuieki,,spear,
3084,tujanga,,roof support,
3085,tukanga,,skillful,
3086,tuku,,"press, pinch",
3087,tukunu,,sago leaf basin,
3088,tukuru,,"across, lay across",
3089,tulada,,"draw, paint",
3090,tulaka,,live lewdly,
3091,tulaki-bara,,ballast,
3092,tulihi,,color,
3093,tulu,ho,"stop in, go in",
3094,tulung,ho,"help, rescue, help with s t",
3095,tuma,,push up with stick,
3096,tumara,o,k o heron,animal
3097,tumidi,NUM,seven,
3098,tumule,,"clean, weed",
3099,tumungu,,"hold up, stop, arrest",
3100,tumunu,ho ma,dive,
3101,tumurahu,,"groggy, not yet awake",
3102,tumutu,ho,point,
3103,tumutuku,,remain small,
3104,tunata,,greedy,
3105,tungiri,ha,to scale (fish),food
3106,tungutu,,"point out, indicate",
3107,tuono,,do simultaneously,
3108,tupa,,box,
3109,tupa-tupa,,boxfish,
3110,tupe,,ape sound,
3111,tupukuru,,fold,
3112,turahi,,become steep,
3113,turono,,fall down,
3114,turu,,follow,
3115,tururu,ho ma,move,
3116,turutang,,"clever, skilled",
3117,tutama,,can,
3118,tutuku,ho,"stamp, pound, pound rice",
3119,tutukuna,,ruler,
3120,tutukunu,,walking stick,
3121,tutumu,,spy on,
3122,tututu,,"drip, drop",
3123,tutuuhu,,heartbeat,
3124,tuubula,,k o tree,
3125,tuuku,,"shape, fashion",
3126,tuuru,,k o tree,
3127,tuwinihi,,constipate,
3128,-ua,vsf,negative aspectual suffix,
3129,uahi,,not yet,
3130,uba,,gunpowder,
3131,ubo,o,,
3132,uboro,o,red parrot,animal
3133,Ubo-Ubo,o,name of kapung where Miti people took refuge from the war,
3134,ubo-ubo,o,hibiscus,plant
3135,ucaha,,bewitchment,
3136,udi,o,large basket,
3137,udo-udomo,,"basin, cup",
3138,ugaka,o,sugarcane,food
3139,uge,o,vegetable (general term),food
3140,uha,PART,"forbid, don't",
3141,uhaka,o,k o skin disease,med
3142,uhanga,,bunch,
3143,uhele,o,k o tree,plant
3144,uihi,,"leak, leaky",
3145,uiti,ha,bail,nautical
3146,ukere,i,"adjacent, close by, stand close to each other",
3147,uku,o,"fire, burn, burn oneself, flame, firewood",
3148,ukumu,,"press close, pinch together",
3149,ukuru,ma,"plan, opinion, idea",
3150,ule,ho,"play, jest, the children are playing on the beach",
3151,ulingi,o,k o kingfisher,bird
3152,ulini,,"umata, rollers, huge waves",
3153,umati,ma,people,
3154,umeloa,o,k o banana,food
3155,umo,ha,throw away,
3156,umuru,o,"lifetime, age",
3157,una,PRO,third-person singular masculine independent pronoun,
3158,unaha,o,fish scales,fish
3159,upahi,,police officer,
3160,upeti,,taxation,
3161,uriti,ha,sew,
3162,uroto,o,"vein, tendon, muscle, sinew",body part
3163,uru,nanga,"mouth, lips, beak, bill",body part
3164,uru,ho,cut off,
3165,uru jawa,o,k o rattan,
3166,uti,ho,descend,
3167,utongo,,sago palm leaf sheath,
3168,utu,,head hair,
3169,utu,PART,"little bit, other, the others",
3170,utuku,ho,pick (rice),
3171,utumu,ho,"win, profit",
3172,ututlu,,little bit,
3173,uwini,,light,
3174,uworo,,handle,
3175,wabi,,"shrink, sink, flatten",
3176,wagihi,,limp,
3177,wagu,,swing,
3178,wahiohi,,not yet,
3179,waho,ho,know,
3180,wahu-wahu,o,k o spider (daddy long-legs),animal
3181,wai,o,valley,
3182,waja,,steel,
3183,wakili,o,"substitute, deputy",
3184,wako,ho,rotate,
3185,wakomomu,o,k o fish net,fishing
3186,wakuhu,ho,select,
3187,wakutu,ma,time,
3188,wale,o,mango tree,plant
3189,walimi,,push along,
3190,waloko,ho ma,naked,
3191,waloko,o,bamboo joint,
3192,walye,o,"refuse, waste",
3193,wama,o,"citrus (general term), orange, lemon",food
3194,wange,o,"sun, day, every day, the sun has set, it's already midday, the sun has risen",
3195,wange-wange,o,k o snake,animal
3196,wango,ho,"live, life",
3197,wangoro,ho,"shine, be splendid",
3198,wapi,,scrotum,body part
3199,wapo,i,soaked,
3200,waranga,o,"realgar (?), venom, poison",
3201,warigi,o,fig tree,plant
3202,wariki,ma,"bowls, intestines",body part
3203,waru,ho,"sage, wise",
3204,wato (wa + ato),PART,so that,
3205,wawawe,i,"swing, sway",
3206,wawi,ho,"not enough, not reach",
3207,wederi,i,"perish, digest, rot, smash",
3208,weka,o,fan palm,plant
3209,wela,o,k o opera,
3210,welanga,ma,fallen unripe,
3211,weleke,o,cross (shape),
3212,wengaha,i,hollow,
3213,wera,o,wild betel,plant
3214,were,ho,make noise,
3215,wewa,i,"swing, walk with the arms swinging to and fro",
3216,wewe,o,k o wood (used to make fire,plant
3217,wiki-wiki,,doodle,
3218,wilere,,come loose,
3219,wiludu,,velvet,
3220,witomo,,lauch a canoe,
3221,woa,,loosen,
3222,woata,,broad,
3223,woe,COUNT,many,
3224,woere,ha,dry,
3225,wogono,o,raven,animal
3226,wohama,ho,"go in, enter, bring s t in, I put it in",
3227,wohanga,ho,forget,
3228,wohono,,fast,
3229,woki-woki,,terong,
3230,wokuhu,o,magician,magic
3231,Wolada,,Holland,
3232,womaha,ho,"breathe, breath",
3233,womo,,"lap, suck",
3234,wongeme,,tribal spirit,
3235,wora,,lower,
3236,woro,,"sink, clear, roomy",
3237,wota,nanga,uncle (parent's sister's husband),kin
3238,wotiti,,,
